filename,width,height,class,xmin,ymin,xmax,ymax
100152_jpg.rf.19b591a9a50697b45e21d7e1f8a2b121.jpg,640,640,diabetic-foot-ulcer,224,159,453,505
BoonKeng-MuiLan-2021112011256-310c771d-front_jpeg_jpg.rf.d2ffb39cf58ab3bae14281432b7b70f8.jpg,640,640,healthy foot,111,267,446,587
BoonKeng-MuiLan-20211120114934-8cbdbaf9-lateral_left_jpeg_jpg.rf.9faa21114bf9db507e6c55c207769b56.jpg,640,640,healthy foot,0,155,216,298
BoonKeng-MuiLan-20211120114934-8cbdbaf9-lateral_left_jpeg_jpg.rf.9faa21114bf9db507e6c55c207769b56.jpg,640,640,healthy foot,142,275,478,438
BoonKeng-MuiLan-2021112010610-751182d9-front_jpeg_jpg.rf.f50d400cba13f5ce0ef2c68fb7a83ae3.jpg,640,640,healthy foot,4,181,518,500
BoonKeng-MuiLan-2021112010104-0fb77efc-medial_left_jpeg_jpg.rf.a33fb98a9b429df339dd74b22bf832ce.jpg,640,640,healthy foot,148,243,420,396
100011_jpg.rf.b916c5efd88a6191603dfb268e3cf0de.jpg,640,640,diabetic-foot-ulcer,342,216,421,318
BoonKeng-MuiLan-20211120115643-8e1bae11-lateral_right_jpeg_jpg.rf.751d12a0abfca603d3703bb967e7322f.jpg,640,640,healthy foot,100,240,482,444
BoonKeng-MuiLan-20211120115643-8e1bae11-lateral_right_jpeg_jpg.rf.751d12a0abfca603d3703bb967e7322f.jpg,640,640,healthy foot,413,153,640,328
BoonKeng-MuiLan-2021112010104-0fb77efc-lateral_right_jpeg_jpg.rf.646fb23c62ac380c85790de803107baf.jpg,640,640,healthy foot,127,291,448,470
100200_jpg.rf.6c57bd6ad7047606dcd47c10715f9534.jpg,640,640,diabetic-foot-ulcer,90,26,410,478
BoonKeng-MuiLan-2021112011452-682b04bd-front_jpeg_jpg.rf.a7c7559660c587d7c8b23e722cca757b.jpg,640,640,healthy foot,116,182,319,418
100161_jpg.rf.6281316ff798380b5dc153095d4fe1cb.jpg,640,640,diabetic-foot-ulcer,122,163,563,590
BoonKeng-MuiLan-20211120131457-308723c7-medial_right_jpeg_jpg.rf.ef4ec309f1a9de614709c8b3e55de862.jpg,640,640,healthy foot,141,275,508,437
100009_jpg.rf.8089f478689d343ec42565fc82f5260e.jpg,640,640,diabetic-foot-ulcer,260,426,321,497
100126_jpg.rf.6d6b6796e11efbf38cf5248ec7417c69.jpg,640,640,diabetic-foot-ulcer,213,337,337,523
100216_jpg.rf.8eb80143e02a9fe53e218e3ec6299d74.jpg,640,640,diabetic-foot-ulcer,219,83,428,280
100080_jpg.rf.94d2b59df77899593710c1d2f4736f33.jpg,640,640,diabetic-foot-ulcer,166,155,411,447
100142_jpg.rf.722a7207ca2778834f950304eb795de6.jpg,640,640,diabetic-foot-ulcer,269,83,453,468
BoonKeng-MuiLan-202111209549-6e2a4646-medial_right_jpeg_jpg.rf.c51e2c0a6c6a46917e2edddf171a88ac.jpg,640,640,healthy foot,120,266,392,365
100020_jpg.rf.ebc621f5aaa768d716509bf1e079b358.jpg,640,640,diabetic-foot-ulcer,78,100,311,495
BoonKeng-MuiLan-2021112010104-0fb77efc-front_jpeg_jpg.rf.ac8ad46ec4d999fc822498962bbcfc40.jpg,640,640,healthy foot,35,171,438,607
BoonKeng-MuiLan-20211120125754-1e88c8ca-lateral_right_jpeg_jpg.rf.3e58192f67c26e90408877ec0bda4148.jpg,640,640,healthy foot,63,270,592,513
BoonKeng-MuiLan-202111209458-7cba04b6-dorsal_jpeg_jpg.rf.18d0f4d370fa2cf6fed8dc17575fc7eb.jpg,640,640,healthy foot,135,182,280,424
BoonKeng-MuiLan-202111209458-7cba04b6-dorsal_jpeg_jpg.rf.18d0f4d370fa2cf6fed8dc17575fc7eb.jpg,640,640,healthy foot,403,202,568,457
100040_jpg.rf.73d8222703c24e5284d83d7247f0bd1e.jpg,640,640,diabetic-foot-ulcer,35,111,366,491
100041_jpg.rf.b5235c8ee8498917c5b31a76dab80240.jpg,640,640,diabetic-foot-ulcer,264,303,415,514
100200_jpg.rf.191092ece93fd677cbc974e8ea8d68da.jpg,640,640,diabetic-foot-ulcer,174,115,422,524
100138_jpg.rf.52caa10fd7fe9352c5afc01377e2e651.jpg,640,640,diabetic-foot-ulcer,195,68,451,490
BoonKeng-Jennie-20211120141333-fe11df71-medial_left_jpeg_jpg.rf.3feb0cd960f3aa70a277112623e6cd2a.jpg,640,640,healthy foot,0,209,640,446
100079_jpg.rf.2b436197b3e5ae8c4eeb1e27d3541b5e.jpg,640,640,diabetic-foot-ulcer,215,116,422,423
100062_jpg.rf.74d079110cd2d594c8e8d42b0702685d.jpg,640,640,diabetic-foot-ulcer,215,126,445,452
BoonKeng-MuiLan-20211120111758-95c67188-medial_left_jpeg_jpg.rf.4124704ed4c6111dbd3a8f18a49c8de6.jpg,640,640,healthy foot,159,247,430,417
BoonKeng-MuiLan-20211120103418-6f20e254-lateral_left_jpeg_jpg.rf.7a3f91784306ccf449f574f51364d764.jpg,640,640,healthy foot,10,260,390,504
BoonKeng-MuiLan-20211120103418-6f20e254-lateral_left_jpeg_jpg.rf.7a3f91784306ccf449f574f51364d764.jpg,640,640,healthy foot,83,108,241,235
BoonKeng-MuiLan-2021112014244-d5e8ac2a-front_jpeg_jpg.rf.58d567460d269f28abe364fbb0f7e84d.jpg,640,640,healthy foot,40,216,293,482
BoonKeng-MuiLan-2021112014244-d5e8ac2a-front_jpeg_jpg.rf.58d567460d269f28abe364fbb0f7e84d.jpg,640,640,healthy foot,372,197,624,514
BoonKeng-MuiLan-2021112017954-f5435765-front_jpeg_jpg.rf.1edadbbc65cb1c09606a3face1b1f895.jpg,640,640,healthy foot,2,6,282,454
BoonKeng-MuiLan-2021112017954-f5435765-front_jpeg_jpg.rf.1edadbbc65cb1c09606a3face1b1f895.jpg,640,640,healthy foot,355,0,627,435
100053_jpg.rf.a90df843edce4a40b94c53564edaca90.jpg,640,640,diabetic-foot-ulcer,211,235,386,467
BoonKeng-MuiLan-2021112012439-9b24f7b8-medial_left_jpeg_jpg.rf.cac368dba8ab13c0a0dfe190577533c0.jpg,640,640,healthy foot,151,144,411,263
100065_jpg.rf.a34c7d527d20eb7ce80684e0f40230b4.jpg,640,640,diabetic-foot-ulcer,218,179,392,396
100040_jpg.rf.2a0c724d8255467f2d19ce1c9b084485.jpg,640,640,diabetic-foot-ulcer,77,148,388,534
100217_jpg.rf.1f7556015be6c7f3f96bd205ccdd5922.jpg,640,640,diabetic-foot-ulcer,195,47,429,290
100079_jpg.rf.33c224cba406851f9a9a97d4f501755e.jpg,640,640,diabetic-foot-ulcer,190,133,425,419
BoonKeng-MuiLan-2021112013726-6753468e-front_jpeg_jpg.rf.497ec9e710977d982918f3b0ede825e9.jpg,640,640,healthy foot,39,86,245,354
BoonKeng-MuiLan-2021112013726-6753468e-front_jpeg_jpg.rf.497ec9e710977d982918f3b0ede825e9.jpg,640,640,healthy foot,361,108,557,383
100014_jpg.rf.34a885f7594fb7ab2761c71ca5c85919.jpg,640,640,diabetic-foot-ulcer,210,311,375,499
100014_jpg.rf.34a885f7594fb7ab2761c71ca5c85919.jpg,640,640,diabetic-foot-ulcer,245,88,413,270
BoonKeng-Jennie-20219171033-3082a5d7-front_jpeg_jpg.rf.ce52215edaaaf9af4ea802cb678781bf.jpg,640,640,healthy foot,56,225,290,485
BoonKeng-Jennie-20219171033-3082a5d7-front_jpeg_jpg.rf.ce52215edaaaf9af4ea802cb678781bf.jpg,640,640,healthy foot,312,264,562,512
100147_jpg.rf.d97e605ef9ca71bf20082583fa08cb4e.jpg,640,640,diabetic-foot-ulcer,194,0,559,539
100155_jpg.rf.530533155d2927915a739fa8406d6ff3.jpg,640,640,diabetic-foot-ulcer,105,114,381,458
100067_jpg.rf.6d6fd4970bcf257e7c3ed3bca8f0edba.jpg,640,640,diabetic-foot-ulcer,443,251,610,481
100067_jpg.rf.6d6fd4970bcf257e7c3ed3bca8f0edba.jpg,640,640,diabetic-foot-ulcer,119,333,254,533
BoonKeng-MuiLan-2021112012296-da2068ec-lateral_right_jpeg_jpg.rf.80d00da4252b11f22d3aab8f3084bb0f.jpg,640,640,healthy foot,171,356,454,509
BoonKeng-MuiLan-2021112012296-da2068ec-lateral_right_jpeg_jpg.rf.80d00da4252b11f22d3aab8f3084bb0f.jpg,640,640,healthy foot,388,311,640,405
BoonKeng-MuiLan-20211120115643-8e1bae11-dorsal_jpeg_jpg.rf.0c69d11519a83ce8ea49d0539e5e7396.jpg,640,640,healthy foot,87,150,296,617
BoonKeng-MuiLan-20211120115643-8e1bae11-dorsal_jpeg_jpg.rf.0c69d11519a83ce8ea49d0539e5e7396.jpg,640,640,healthy foot,344,154,562,604
BoonKeng-MuiLan-20211120125131-e994dacf-front_jpeg_jpg.rf.4175ecd11c3a964f59399307fb0d9f80.jpg,640,640,healthy foot,105,223,251,435
BoonKeng-MuiLan-20211120125131-e994dacf-front_jpeg_jpg.rf.4175ecd11c3a964f59399307fb0d9f80.jpg,640,640,healthy foot,411,180,562,400
BoonKeng-MuiLan-20211120133159-3d0dbb05-front_jpeg_jpg.rf.f15cce88a431589b076cee1538d9a148.jpg,640,640,healthy foot,131,139,624,539
BoonKeng-MuiLan-2021118105050-c6a63d2a-lateral_right_jpeg_jpg.rf.b237cfacecdb2e031039559c9cdd0105.jpg,640,640,healthy foot,55,288,578,495
BoonKeng-MuiLan-20211120113525-db24cfb5-lateral_left_jpeg_jpg.rf.9ed89f4034f7ff55c438aa839c26c24c.jpg,640,640,healthy foot,4,155,257,289
BoonKeng-MuiLan-20211120113525-db24cfb5-lateral_left_jpeg_jpg.rf.9ed89f4034f7ff55c438aa839c26c24c.jpg,640,640,healthy foot,221,323,558,523
100179_jpg.rf.77f8eb1721ceba7ad2fccd54964232ff.jpg,640,640,diabetic-foot-ulcer,216,202,517,504
BoonKeng-MuiLan-20211120164124-1574c5f8-lateral_right_jpeg_jpg.rf.5c8736cdec942783aad6e76e7f2d5d7c.jpg,640,640,healthy foot,56,153,640,530
100034_jpg.rf.df3fbf91e78808dbff21231d72b940d7.jpg,640,640,diabetic-foot-ulcer,201,258,345,370
100062_jpg.rf.7c93408a7afab8ace29a04a72035e727.jpg,640,640,diabetic-foot-ulcer,220,177,485,579
100016_jpg.rf.b97f106f00014acca72075f2f1f21764.jpg,640,640,diabetic-foot-ulcer,240,159,424,411
BoonKeng-MuiLan-20211120113525-db24cfb5-front_jpeg_jpg.rf.35f2e428e6b316313dcfccb61a521dc3.jpg,640,640,healthy foot,160,180,425,423
BoonKeng-MuiLan-20211120164124-1574c5f8-lateral_left_jpeg_jpg.rf.30431475e92551c378d19f251facb648.jpg,640,640,healthy foot,0,213,507,608
BoonKeng-MuiLan-20211120141311-c827ecbb-lateral_left_jpeg_jpg.rf.6d8af48676ee86abb5aa26dd1f2d53eb.jpg,640,640,healthy foot,36,300,452,492
BoonKeng-MuiLan-20211120141311-c827ecbb-lateral_left_jpeg_jpg.rf.6d8af48676ee86abb5aa26dd1f2d53eb.jpg,640,640,healthy foot,509,193,640,369
100187_jpg.rf.b552539a07125ff3f11c55d343f6f764.jpg,640,640,diabetic-foot-ulcer,100,79,421,414
BoonKeng-MuiLan-2021112012342-a061670f-front_jpeg_jpg.rf.8c59571e346f4402d2e421abf98f5195.jpg,640,640,healthy foot,156,251,298,511
BoonKeng-MuiLan-2021112012342-a061670f-front_jpeg_jpg.rf.8c59571e346f4402d2e421abf98f5195.jpg,640,640,healthy foot,274,240,443,501
100129_jpg.rf.f9b930d7bb2cbf7e77d862c3acb3625a.jpg,640,640,diabetic-foot-ulcer,152,339,442,625
BoonKeng-MuiLan-20211011165016-83eee475-lateral_left_jpeg_jpg.rf.5b7d399485309f031f8294902adb1626.jpg,640,640,healthy foot,67,276,573,477
BoonKeng-MuiLan-20211120123233-02573600-lateral_left_jpeg_jpg.rf.ba918c1603a03622e574f03400df3762.jpg,640,640,healthy foot,100,276,355,440
100058_jpg.rf.a97c9bc1b4fff8704072325970e1db9b.jpg,640,640,diabetic-foot-ulcer,338,43,500,318
100088_jpg.rf.d78ddd2bb865bc378c17d8fb69ed7efc.jpg,640,640,diabetic-foot-ulcer,226,264,406,476
100155_jpg.rf.7c05c9882f9ceae4578f13669b1576cb.jpg,640,640,diabetic-foot-ulcer,222,118,495,437
BoonKeng-MuiLan-20211120123931-bdab03be-medial_right_jpeg_jpg.rf.9bd926733d5ab7ac6b1f77b6ec31f60d.jpg,640,640,healthy foot,67,309,356,404
BoonKeng-MuiLan-20211120123931-bdab03be-medial_right_jpeg_jpg.rf.9bd926733d5ab7ac6b1f77b6ec31f60d.jpg,640,640,healthy foot,307,426,640,573
BoonKeng-MuiLan-20211120121622-bfc72148-dorsal_jpeg_jpg.rf.5410232b0bc06a57075f76a31ba98fd2.jpg,640,640,healthy foot,217,203,495,543
BoonKeng-MuiLan-202111209414-5bd2c781-medial_left_jpeg_jpg.rf.50009848b641ed360bbd0ab0d8694361.jpg,640,640,healthy foot,79,329,436,484
100130_jpg.rf.24a13e16c190a72a131e1ff9cee1dcd7.jpg,640,640,diabetic-foot-ulcer,286,12,461,316
100114_jpg.rf.8450c2befd3781872f49bd64e9f64a88.jpg,640,640,diabetic-foot-ulcer,241,0,443,158
100023_jpg.rf.4d46f2e048e721bd9fe110c18ddb7969.jpg,640,640,diabetic-foot-ulcer,228,31,435,338
100227_jpg.rf.1ee098c8c387aaf34b70a9ad360f0fc5.jpg,640,640,diabetic-foot-ulcer,243,295,444,469
BoonKeng-MuiLan-20211120113217-db898d94-dorsal_jpeg_jpg.rf.7ffa1f71845ed561c33ac9af1dae1175.jpg,640,640,healthy foot,87,297,253,603
BoonKeng-MuiLan-20211120113217-db898d94-dorsal_jpeg_jpg.rf.7ffa1f71845ed561c33ac9af1dae1175.jpg,640,640,healthy foot,326,286,518,559
BoonKeng-MuiLan-2021118104644-96e56283-lateral_left_jpeg_jpg.rf.381cc9a971312f191b7686fa24262e31.jpg,640,640,healthy foot,61,266,531,467
BoonKeng-Jennie-2021916998-3e5dcfe9-medial_right_jpeg_jpg.rf.78e6cb9b615dc352d0580a741ef032cc.jpg,640,640,healthy foot,68,295,640,551
100208_jpg.rf.6846ad8bdad1b06c09e7acf7f27a73fd.jpg,640,640,diabetic-foot-ulcer,102,58,344,361
BoonKeng-MuiLan-2021112011113-be3da5ab-medial_left_jpeg_jpg.rf.3f0497657dbc37035597b56f8ae39abd.jpg,640,640,healthy foot,190,289,499,453
100176_jpg.rf.425a1e28c6951c6a4a7e9646f8d6c2ab.jpg,640,640,diabetic-foot-ulcer,118,180,316,363
100176_jpg.rf.425a1e28c6951c6a4a7e9646f8d6c2ab.jpg,640,640,diabetic-foot-ulcer,10,261,94,372
100055_jpg.rf.35375b5cca1c8bffac5573ad96fef902.jpg,640,640,diabetic-foot-ulcer,154,143,396,428
100138_jpg.rf.f303f1a10cbd42948f7c08634a700908.jpg,640,640,diabetic-foot-ulcer,169,83,435,496
100094_jpg.rf.d6e4db07fed29e37263f4885bb009dcf.jpg,640,640,diabetic-foot-ulcer,85,134,341,386
BoonKeng-MuiLan-20211120131218-0d3a1c2c-front_jpeg_jpg.rf.b2df98f0eb2078f18559f7d73c664ff8.jpg,640,640,healthy foot,58,122,253,501
BoonKeng-MuiLan-20211120131218-0d3a1c2c-front_jpeg_jpg.rf.b2df98f0eb2078f18559f7d73c664ff8.jpg,640,640,healthy foot,308,115,535,480
BoonKeng-MuiLan-20211120141311-c827ecbb-front_jpeg_jpg.rf.faeb67920705a05d69194f5100228981.jpg,640,640,healthy foot,3,177,210,501
BoonKeng-MuiLan-20211120141311-c827ecbb-front_jpeg_jpg.rf.faeb67920705a05d69194f5100228981.jpg,640,640,healthy foot,325,154,571,481
BoonKeng-MuiLan-20211120123233-02573600-medial_right_jpeg_jpg.rf.d5cb16d8d014dfd9fe6d6f96622938fc.jpg,640,640,healthy foot,0,284,151,487
BoonKeng-MuiLan-20211120123233-02573600-medial_right_jpeg_jpg.rf.d5cb16d8d014dfd9fe6d6f96622938fc.jpg,640,640,healthy foot,209,159,510,364
100016_jpg.rf.cec77cceb6fe528aba31e3a29eaaefe7.jpg,640,640,diabetic-foot-ulcer,205,190,366,441
100068_jpg.rf.4c7d38e566dd62aacaef051b211beabe.jpg,640,640,diabetic-foot-ulcer,249,333,363,517
100008_jpg.rf.ede15da5171c040264bfa59ceb1cd7a7.jpg,640,640,diabetic-foot-ulcer,92,19,457,617
100058_jpg.rf.3b4e3311ccba95f1796c90e9520e3208.jpg,640,640,diabetic-foot-ulcer,106,345,305,514
100178_jpg.rf.5815e3130c07f182035db4940f226c33.jpg,640,640,diabetic-foot-ulcer,180,46,615,375
100057_jpg.rf.232447c80b44d487b868fcb5af78b9ab.jpg,640,640,diabetic-foot-ulcer,127,154,361,440
BoonKeng-Jennie-202193015250-750ead83-lateral_left_jpeg_jpg.rf.b150a8106a5b56990d8a894f537f2764.jpg,640,640,healthy foot,3,188,637,440
100011_jpg.rf.bbf7faa8149008c68ae5c97a699438d9.jpg,640,640,diabetic-foot-ulcer,210,378,284,489
BoonKeng-MuiLan-2021112011113-be3da5ab-front_jpeg_jpg.rf.8ba2a4375150ff59fa79f4634f5c280c.jpg,640,640,healthy foot,90,214,499,527
BoonKeng-MuiLan-20211120102844-1727c397-lateral_left_jpeg_jpg.rf.4ba8fe6a21251cbb7344717ed0747ecb.jpg,640,640,healthy foot,78,340,443,521
100161_jpg.rf.12f0521f85dc23bff22b890d914b4273.jpg,640,640,diabetic-foot-ulcer,229,183,521,640
BoonKeng-MuiLan-20211120111758-95c67188-medial_right_jpeg_jpg.rf.34164f9054523f11057f4a3adeaf6cfe.jpg,640,640,healthy foot,137,198,397,330
BoonKeng-MuiLan-20211120111758-95c67188-medial_right_jpeg_jpg.rf.34164f9054523f11057f4a3adeaf6cfe.jpg,640,640,healthy foot,427,290,640,528
100091_jpg.rf.3c1ce842c0595ce6c2672a65a17f5de5.jpg,640,640,diabetic-foot-ulcer,190,87,412,390
100026_jpg.rf.398b4592ace9fe87d56ddf3f0a2f1e22.jpg,640,640,diabetic-foot-ulcer,236,135,401,396
BoonKeng-MuiLan-20211120131218-0d3a1c2c-lateral_right_jpeg_jpg.rf.2d93edfda48eb7738eb5199a985993dd.jpg,640,640,healthy foot,46,261,500,532
100069_jpg.rf.132d65a09f0614c93991a2defdd20677.jpg,640,640,diabetic-foot-ulcer,179,198,443,489
BoonKeng-MuiLan-2021112013590-0a136ff2-lateral_left_jpeg_jpg.rf.585e870ef9f85ae0dc69839b7f3b1127.jpg,640,640,healthy foot,62,135,609,342
100032_jpg.rf.17b33ce980c6c670a1a9b18af9edca60.jpg,640,640,diabetic-foot-ulcer,188,219,496,581
BoonKeng-Jennie-2021930133328-729a07b8-lateral_right_jpeg_jpg.rf.999d4b4ba08d7de3b6a108cc767a3f64.jpg,640,640,healthy foot,150,51,377,514
BoonKeng-MuiLan-20211120135936-b5ebb953-lateral_right_jpeg_jpg.rf.29d6c12c7ced49f912e74ae550d1f50a.jpg,640,640,healthy foot,40,238,441,439
BoonKeng-MuiLan-2021112010021-541e066a-medial_left_jpeg_jpg.rf.908ee1fb1796b1fb245efb2ff0dfc34d.jpg,640,640,healthy foot,82,94,385,265
100121_jpg.rf.fd4ce93973c9cad12f7f9506442225aa.jpg,640,640,diabetic-foot-ulcer,283,136,472,496
100155_jpg.rf.cff13682fa646e61cdc7d5c2a83e205d.jpg,640,640,diabetic-foot-ulcer,222,46,473,436
100051_jpg.rf.93fa6caad75816e2b317c6d5374b2d73.jpg,640,640,diabetic-foot-ulcer,236,180,454,348
BoonKeng-MuiLan-20211120155226-6de9b56a-lateral_left_jpeg_jpg.rf.460bd6705e65ff07372e054f395ee48a.jpg,640,640,healthy foot,163,252,544,465
BoonKeng-MuiLan-2021118104644-96e56283-lateral_right_jpeg_jpg.rf.35db9c1a8f2e8b334b072a92a61648f4.jpg,640,640,healthy foot,66,264,583,499
100088_jpg.rf.0e29b1d931cd7f6bd8aadd3adcd5d749.jpg,640,640,diabetic-foot-ulcer,229,170,373,410
BoonKeng-MuiLan-2021112013473-02820797-front_jpeg_jpg.rf.825ec4638e43b2c8f9b0231bf3d2a989.jpg,640,640,healthy foot,73,273,231,614
BoonKeng-MuiLan-2021112013473-02820797-front_jpeg_jpg.rf.825ec4638e43b2c8f9b0231bf3d2a989.jpg,640,640,healthy foot,340,260,497,561
BoonKeng-MuiLan-2021112012439-9b24f7b8-lateral_right_jpeg_jpg.rf.a0b8f34d454599274e4d6f3444bb5887.jpg,640,640,healthy foot,215,189,543,325
100205_jpg.rf.51350e50fb21e1d976418f682129b107.jpg,640,640,diabetic-foot-ulcer,244,290,426,543
100105_jpg.rf.aacd6a08c4d0a5550a38ba686b34129c.jpg,640,640,diabetic-foot-ulcer,176,267,348,389
100079_jpg.rf.ec01c7cf41649ae9e88bd78f11354ba8.jpg,640,640,diabetic-foot-ulcer,216,191,425,485
BoonKeng-MuiLan-2021112012342-a061670f-medial_left_jpeg_jpg.rf.db6eac6527b8fabeee470f2c597e56d5.jpg,640,640,healthy foot,0,440,48,546
BoonKeng-MuiLan-2021112012342-a061670f-medial_left_jpeg_jpg.rf.db6eac6527b8fabeee470f2c597e56d5.jpg,640,640,healthy foot,114,238,434,370
100082_jpg.rf.a77ed41a9d343dc197cd69f2e3b2019c.jpg,640,640,diabetic-foot-ulcer,237,323,381,565
BoonKeng-MuiLan-2021112013498-491a925e-medial_right_jpeg_jpg.rf.b08f2b0dce25c882c899021131c64a32.jpg,640,640,healthy foot,2,233,583,441
BoonKeng-MuiLan-2021112013498-491a925e-medial_right_jpeg_jpg.rf.b08f2b0dce25c882c899021131c64a32.jpg,640,640,healthy foot,554,346,640,533
BoonKeng-MuiLan-20211120103418-6f20e254-dorsal_jpeg_jpg.rf.2db8d93ae7c9fc85f09f775116dbf695.jpg,640,640,healthy foot,106,193,480,546
100015_jpg.rf.630bb288cb93a4d6a5154bf62b1883f9.jpg,640,640,diabetic-foot-ulcer,234,171,415,404
BoonKeng-MuiLan-20211120131457-308723c7-dorsal_jpeg_jpg.rf.3d36528c76a7ba53ef1fc396058e751a.jpg,640,640,healthy foot,44,246,272,591
BoonKeng-MuiLan-20211120131457-308723c7-dorsal_jpeg_jpg.rf.3d36528c76a7ba53ef1fc396058e751a.jpg,640,640,healthy foot,408,202,616,581
100143_jpg.rf.a56e71d04a7d85d90c99d29c40e5080a.jpg,640,640,diabetic-foot-ulcer,100,203,318,508
100165_jpg.rf.6fd7a3cdf112b9efb1adfc100bc7b5b8.jpg,640,640,diabetic-foot-ulcer,221,169,519,404
100013_jpg.rf.ccd8c14487acb988d88628c1ff4f54e4.jpg,640,640,diabetic-foot-ulcer,327,250,488,417
BoonKeng-MuiLan-20211120104540-a15dbacf-medial_left_jpeg_jpg.rf.1b44a2a2015bbd661d96f3790bf8598d.jpg,640,640,healthy foot,43,271,386,410
100119_jpg.rf.b41f622e412bb43080a7ad02b6f6ce99.jpg,640,640,diabetic-foot-ulcer,235,122,429,434
BoonKeng-MuiLan-20211120155226-6de9b56a-medial_right_jpeg_jpg.rf.a19a24239005159f3c56b661bdd05ac9.jpg,640,640,healthy foot,149,254,526,439
100020_jpg.rf.aa6c1bce73e9e80aa16f8602620a9cbb.jpg,640,640,diabetic-foot-ulcer,97,135,340,546
100021_jpg.rf.c71cfafec70b734293ccca46dc009a17.jpg,640,640,diabetic-foot-ulcer,150,184,301,396
BoonKeng-MuiLan-20211120102553-2c70ff46-lateral_left_jpeg_jpg.rf.5c678ad8e9f4704b32b892effdd23ff9.jpg,640,640,healthy foot,211,253,455,374
BoonKeng-MuiLan-20211120124658-7fe27cc5-dorsal_jpeg_jpg.rf.cc6662bc30f3c4684a03fbc48ac53bda.jpg,640,640,healthy foot,216,151,484,460
BoonKeng-MuiLan-20211120162510-753b5fec-lateral_left_jpeg_jpg.rf.e63d64caf5f992700b61b01196a020a2.jpg,640,640,healthy foot,18,179,570,472
BoonKeng-MuiLan-20211120141311-c827ecbb-dorsal_jpeg_jpg.rf.082cc5179523fb70af79e43ee55c101b.jpg,640,640,healthy foot,55,165,213,467
BoonKeng-MuiLan-20211120141311-c827ecbb-dorsal_jpeg_jpg.rf.082cc5179523fb70af79e43ee55c101b.jpg,640,640,healthy foot,307,148,488,447
100115_jpg.rf.9555c486a9ba8768920d52e855fd2ed0.jpg,640,640,diabetic-foot-ulcer,247,106,487,433
BoonKeng-MuiLan-2021112013590-0a136ff2-front_jpeg_jpg.rf.9f7b7b529c09166c3cc26ab3f9a8e1a4.jpg,640,640,healthy foot,133,256,307,479
BoonKeng-MuiLan-2021112013590-0a136ff2-front_jpeg_jpg.rf.9f7b7b529c09166c3cc26ab3f9a8e1a4.jpg,640,640,healthy foot,321,252,456,464
100037_jpg.rf.add37d9d48ede648854586abfc175f84.jpg,640,640,diabetic-foot-ulcer,170,272,433,621
100220_jpg.rf.3d23acad51be6645fa4abc4b13bcd22e.jpg,640,640,diabetic-foot-ulcer,290,329,429,517
BoonKeng-MuiLan-20211120115656-4129036f-dorsal_jpeg_jpg.rf.a6254660461c524d6bba9d9fc0912aef.jpg,640,640,healthy foot,188,162,307,394
BoonKeng-MuiLan-20211120115656-4129036f-dorsal_jpeg_jpg.rf.a6254660461c524d6bba9d9fc0912aef.jpg,640,640,healthy foot,359,133,497,390
BoonKeng-MuiLan-2021112011113-be3da5ab-medial_right_jpeg_jpg.rf.e050eb166f3d1b45c765a07b66806c68.jpg,640,640,healthy foot,115,271,400,383
BoonKeng-MuiLan-2021112011113-be3da5ab-medial_right_jpeg_jpg.rf.e050eb166f3d1b45c765a07b66806c68.jpg,640,640,healthy foot,463,371,640,569
100026_jpg.rf.33a0228d2f9cae8d07a202fcd7469de2.jpg,640,640,diabetic-foot-ulcer,262,207,417,448
BoonKeng-MuiLan-2021118143950-1277b75f-medial_right_jpeg_jpg.rf.1e34398c206ed0cf9faeb2da1f33aa1f.jpg,640,640,healthy foot,31,228,526,418
BoonKeng-MuiLan-2021118143950-1277b75f-lateral_left_jpeg_jpg.rf.a821f1653be058aab79f10b252fadd2b.jpg,640,640,healthy foot,30,254,551,473
BoonKeng-MuiLan-20211120143217-e01935d7-medial_right_jpeg_jpg.rf.f385173ecf9039ddc65277f2d4eff6f2.jpg,640,640,healthy foot,66,252,442,433
BoonKeng-MuiLan-20211120143217-e01935d7-medial_right_jpeg_jpg.rf.f385173ecf9039ddc65277f2d4eff6f2.jpg,640,640,healthy foot,499,424,640,640
100023_jpg.rf.f6f9ed336561aafe545979d66d543524.jpg,640,640,diabetic-foot-ulcer,290,189,517,438
BoonKeng-MuiLan-2021112010104-0fb77efc-lateral_left_jpeg_jpg.rf.7e67150874fe8e38854d25ddb30f2ded.jpg,640,640,healthy foot,83,407,339,552
BoonKeng-MuiLan-2021112010104-0fb77efc-lateral_left_jpeg_jpg.rf.7e67150874fe8e38854d25ddb30f2ded.jpg,640,640,healthy foot,435,350,640,471
100177_jpg.rf.0ad6f33861f241abab2df8eb56b5bf27.jpg,640,640,diabetic-foot-ulcer,210,219,403,443
BoonKeng-MuiLan-2021118104644-96e56283-dorsal_jpeg_jpg.rf.e03daafb0cb3e766bd8b31e81c4f58d4.jpg,640,640,healthy foot,9,175,451,605
100057_jpg.rf.93769f78806ae9db06247c5af5a2fe56.jpg,640,640,diabetic-foot-ulcer,218,140,476,491
100182_jpg.rf.eb2ec0a3fdf21a5f40885005932b0a47.jpg,640,640,diabetic-foot-ulcer,321,72,491,350
BoonKeng-MuiLan-20211120111147-e4b91ccf-lateral_left_jpeg_jpg.rf.ea9eb6dcb868f8e9c6149b89f693fdaf.jpg,640,640,healthy foot,26,329,319,438
BoonKeng-MuiLan-20211120111147-e4b91ccf-lateral_left_jpeg_jpg.rf.ea9eb6dcb868f8e9c6149b89f693fdaf.jpg,640,640,healthy foot,325,425,636,603
100136_jpg.rf.9c651ae88dc3c8b3fefb25a51c13e13a.jpg,640,640,diabetic-foot-ulcer,277,185,434,371
BoonKeng-MuiLan-20211120142857-74efd652-medial_right_jpeg_jpg.rf.171aea8c8fe119f09ce2ce7ff6aeea43.jpg,640,640,healthy foot,39,239,529,413
BoonKeng-MuiLan-2021112011947-094ae880-lateral_right_jpeg_jpg.rf.e5cdfd7dc4f601911ea735ecb291809f.jpg,640,640,healthy foot,90,318,390,454
BoonKeng-MuiLan-2021112011947-094ae880-lateral_right_jpeg_jpg.rf.e5cdfd7dc4f601911ea735ecb291809f.jpg,640,640,healthy foot,433,173,640,263
BoonKeng-MuiLan-2021112012349-e6435e90-lateral_left_jpeg_jpg.rf.66403f85894ed8c45506e200546a5306.jpg,640,640,healthy foot,0,226,175,371
BoonKeng-MuiLan-2021112012349-e6435e90-lateral_left_jpeg_jpg.rf.66403f85894ed8c45506e200546a5306.jpg,640,640,healthy foot,177,399,494,615
BoonKeng-MuiLan-20211120114539-0dd42915-lateral_left_jpeg_jpg.rf.a6a6dbf7d728b4a39534adc77f5c60b3.jpg,640,640,healthy foot,0,74,514,311
BoonKeng-Jennie-20211120141333-fe11df71-dorsal_jpeg_jpg.rf.d56f4987d65fb6b3fa2f75d0052445b4.jpg,640,640,healthy foot,52,63,576,543
100091_jpg.rf.fe3af42d40dcd35af10325ee022b3745.jpg,640,640,diabetic-foot-ulcer,225,143,474,438
100027_jpg.rf.30ea7598edf22dfaba7c7c703c8bf28f.jpg,640,640,diabetic-foot-ulcer,238,303,384,506
BoonKeng-MuiLan-20211120101812-9230bc46-medial_right_jpeg_jpg.rf.208f9f4e1b130962e2f001b468fd01ed.jpg,640,640,healthy foot,43,404,388,544
BoonKeng-MuiLan-2021112013590-0a136ff2-lateral_right_jpeg_jpg.rf.5af8a6291938156dc71c4ec94fa405eb.jpg,640,640,healthy foot,63,191,537,410
100183_jpg.rf.cca03ee7ce0e1d88570c8443ae6b5ad5.jpg,640,640,diabetic-foot-ulcer,242,64,553,489
100179_jpg.rf.d94f9ffc00b0d3d52b135173eb2db772.jpg,640,640,diabetic-foot-ulcer,233,171,511,413
100140_jpg.rf.7f68bdc253629b52e6c839813d706438.jpg,640,640,diabetic-foot-ulcer,122,16,549,543
100217_jpg.rf.8ee4fb10c5edac65b850a16acdb27cea.jpg,640,640,diabetic-foot-ulcer,338,93,523,469
100171_jpg.rf.f6049ee2e60429e8c65037e23eb8f15a.jpg,640,640,diabetic-foot-ulcer,218,250,413,446
BoonKeng-MuiLan-20211120115836-60425775-lateral_left_jpeg_jpg.rf.afefbd6c268a8c4b9b489eb3878c06a3.jpg,640,640,healthy foot,0,241,203,383
BoonKeng-MuiLan-20211120115836-60425775-lateral_left_jpeg_jpg.rf.afefbd6c268a8c4b9b489eb3878c06a3.jpg,640,640,healthy foot,235,228,507,464
BoonKeng-Jennie-2021916998-3e5dcfe9-lateral_left_jpeg_jpg.rf.b0ca49d76b5ece271a5bd83ed578f47d.jpg,640,640,healthy foot,77,322,543,543
BoonKeng-MuiLan-2021112011256-310c771d-lateral_left_jpeg_jpg.rf.81e2ca238f1dd8a5082995ba56e226c8.jpg,640,640,healthy foot,92,294,361,421
BoonKeng-MuiLan-2021112011256-310c771d-lateral_left_jpeg_jpg.rf.81e2ca238f1dd8a5082995ba56e226c8.jpg,640,640,healthy foot,523,219,640,330
BoonKeng-MuiLan-202111209414-5bd2c781-lateral_left_jpeg_jpg.rf.b2e1f5e66cfa6e5c330e3a885db9a5e5.jpg,640,640,healthy foot,110,324,452,506
BoonKeng-MuiLan-20211120142058-cde2d0d6-front_jpeg_jpg.rf.80a09ee825baa799c16f3d04c377f2cf.jpg,640,640,healthy foot,150,239,306,478
BoonKeng-MuiLan-20211120142058-cde2d0d6-front_jpeg_jpg.rf.80a09ee825baa799c16f3d04c377f2cf.jpg,640,640,healthy foot,318,255,475,492
100174_jpg.rf.ead3aaffbed9cf481723248f8fd0cf7e.jpg,640,640,diabetic-foot-ulcer,235,148,433,399
100043_jpg.rf.0fa846bd112e20186de3f22c793a1122.jpg,640,640,diabetic-foot-ulcer,181,256,431,550
BoonKeng-MuiLan-20211120113217-db898d94-lateral_right_jpeg_jpg.rf.43204cd926dfd0e8d02ab4e10824df41.jpg,640,640,healthy foot,151,283,420,405
BoonKeng-MuiLan-20211120113217-db898d94-lateral_right_jpeg_jpg.rf.43204cd926dfd0e8d02ab4e10824df41.jpg,640,640,healthy foot,0,202,153,309
100067_jpg.rf.7c7edfed8e9527d304fabfab377a8582.jpg,640,640,diabetic-foot-ulcer,317,51,450,176
100067_jpg.rf.7c7edfed8e9527d304fabfab377a8582.jpg,640,640,diabetic-foot-ulcer,361,516,473,640
100035_jpg.rf.07bc8f523c068cb4bcd38f38a9c097c2.jpg,640,640,diabetic-foot-ulcer,200,204,467,539
BoonKeng-MuiLan-20211120155226-6de9b56a-front_jpeg_jpg.rf.b8733770e7d4a0326dc6fa03ac5e3fd0.jpg,640,640,healthy foot,46,180,267,491
BoonKeng-MuiLan-20211120155226-6de9b56a-front_jpeg_jpg.rf.b8733770e7d4a0326dc6fa03ac5e3fd0.jpg,640,640,healthy foot,288,166,484,524
100222_jpg.rf.0cd8a664323cea92ff80beaa999d2a99.jpg,640,640,diabetic-foot-ulcer,206,230,461,482
BoonKeng-MuiLan-20211120142857-74efd652-medial_left_jpeg_jpg.rf.f231bb5b6ba00470f4c60b2472481cde.jpg,640,640,healthy foot,14,195,489,416
BoonKeng-MuiLan-2021112094649-99e06fc4-medial_left_jpeg_jpg.rf.538f55d416297432fb2a8016f524fb34.jpg,640,640,healthy foot,177,319,538,452
100074_jpg.rf.1bfc665104f55b7eb55683f25e8addf6.jpg,640,640,diabetic-foot-ulcer,203,289,346,483
BoonKeng-MuiLan-20211120132149-44703bf1-medial_left_jpeg_jpg.rf.d89899a2dc3948c057a50b3d215b5a2a.jpg,640,640,healthy foot,88,347,560,543
BoonKeng-Jennie-20219171033-3082a5d7-lateral_right_jpeg_jpg.rf.029e9ae0f15a9e4def6dcaa7aa0928d0.jpg,640,640,healthy foot,103,147,587,379
BoonKeng-MuiLan-20211120105335-b04c9fb5-lateral_left_jpeg_jpg.rf.791046099f3be2f6bfd222441ba824a1.jpg,640,640,healthy foot,111,415,449,576
BoonKeng-MuiLan-20211120105335-b04c9fb5-lateral_left_jpeg_jpg.rf.791046099f3be2f6bfd222441ba824a1.jpg,640,640,healthy foot,531,319,640,426
100027_jpg.rf.2d068344cd7036876b0f09700abe4156.jpg,640,640,diabetic-foot-ulcer,194,176,349,394
BoonKeng-Jennie-2021930133328-729a07b8-medial_left_jpeg_jpg.rf.969bd893729b39f35645c7bb0ba0da81.jpg,640,640,healthy foot,76,175,625,419
BoonKeng-MuiLan-2021112011113-be3da5ab-dorsal_jpeg_jpg.rf.6376798502d6fdb8a07904a3fc62def9.jpg,640,640,healthy foot,202,364,475,602
100038_jpg.rf.fe5c770d730ccf650987096874d1f841.jpg,640,640,diabetic-foot-ulcer,336,17,466,199
100038_jpg.rf.fe5c770d730ccf650987096874d1f841.jpg,640,640,diabetic-foot-ulcer,298,322,372,449
BoonKeng-MuiLan-20211120132149-44703bf1-lateral_right_jpeg_jpg.rf.e563565f66508ecf2007fd2c7b056f60.jpg,640,640,healthy foot,22,178,559,461
100222_jpg.rf.de2c9f2f0456e59351267e36d7ddad4a.jpg,640,640,diabetic-foot-ulcer,193,163,337,472
100222_jpg.rf.de2c9f2f0456e59351267e36d7ddad4a.jpg,640,640,diabetic-foot-ulcer,323,499,424,639
100222_jpg.rf.23067c35433c58437d59564a36860ecb.jpg,640,640,diabetic-foot-ulcer,241,296,511,551
100222_jpg.rf.23067c35433c58437d59564a36860ecb.jpg,640,640,diabetic-foot-ulcer,97,152,219,267
BoonKeng-MuiLan-20211120112631-e204a79d-lateral_left_jpeg_jpg.rf.d8a3a5d25b2f137fe40d986600a89d15.jpg,640,640,healthy foot,181,323,431,474
BoonKeng-MuiLan-20211120112631-e204a79d-lateral_left_jpeg_jpg.rf.d8a3a5d25b2f137fe40d986600a89d15.jpg,640,640,healthy foot,0,233,139,350
BoonKeng-MuiLan-20211120105847-97f4f097-front_jpeg_jpg.rf.e0b33929fe7b99c230874fc5bbc92f17.jpg,640,640,healthy foot,41,379,204,640
BoonKeng-MuiLan-20211120105847-97f4f097-front_jpeg_jpg.rf.e0b33929fe7b99c230874fc5bbc92f17.jpg,640,640,healthy foot,318,353,475,640
100043_jpg.rf.55e2bb70f774f3d688538cc9e0ea83ac.jpg,640,640,diabetic-foot-ulcer,178,223,367,498
100106_jpg.rf.3e3168c8d9f84d1656cfc98a2f88066a.jpg,640,640,diabetic-foot-ulcer,314,399,401,506
BoonKeng-MuiLan-20211120125754-1e88c8ca-dorsal_jpeg_jpg.rf.7cd28b6756398019e68585a520fcb854.jpg,640,640,healthy foot,33,123,286,517
BoonKeng-MuiLan-20211120125754-1e88c8ca-dorsal_jpeg_jpg.rf.7cd28b6756398019e68585a520fcb854.jpg,640,640,healthy foot,334,111,592,541
BoonKeng-MuiLan-20211120142058-cde2d0d6-lateral_left_jpeg_jpg.rf.714cb958c8c711d36fad13fbb5d93366.jpg,640,640,healthy foot,171,378,483,520
BoonKeng-MuiLan-20211120142058-cde2d0d6-lateral_left_jpeg_jpg.rf.714cb958c8c711d36fad13fbb5d93366.jpg,640,640,healthy foot,3,266,240,392
100038_jpg.rf.9749c4fc457b50cae108084ca1e39f88.jpg,640,640,diabetic-foot-ulcer,171,362,277,518
100038_jpg.rf.9749c4fc457b50cae108084ca1e39f88.jpg,640,640,diabetic-foot-ulcer,352,235,470,413
BoonKeng-MuiLan-20211120141311-c827ecbb-lateral_right_jpeg_jpg.rf.3a9cdd33f7311ab00b4218d16e07fc75.jpg,640,640,healthy foot,143,240,557,493
BoonKeng-MuiLan-20211120141311-c827ecbb-lateral_right_jpeg_jpg.rf.3a9cdd33f7311ab00b4218d16e07fc75.jpg,640,640,healthy foot,0,179,143,345
BoonKeng-MuiLan-20211120141648-793f4751-front_jpeg_jpg.rf.abf8d25586bfbc1a5238ed271dff341c.jpg,640,640,healthy foot,117,251,302,567
BoonKeng-MuiLan-20211120141648-793f4751-front_jpeg_jpg.rf.abf8d25586bfbc1a5238ed271dff341c.jpg,640,640,healthy foot,320,278,512,535
BoonKeng-MuiLan-2021112017234-8ce513ad-medial_right_jpeg_jpg.rf.48e92c9513a0a5edc7614ca79265e482.jpg,640,640,healthy foot,0,405,48,557
BoonKeng-MuiLan-2021112017234-8ce513ad-medial_right_jpeg_jpg.rf.48e92c9513a0a5edc7614ca79265e482.jpg,640,640,healthy foot,122,316,475,468
100103_jpg.rf.91a4afd37ad9c4780b2612071f592c74.jpg,640,640,diabetic-foot-ulcer,338,264,519,509
BoonKeng-MuiLan-20211120163026-4179e629-dorsal_jpeg_jpg.rf.7a116ee61d739ecf9d35772c37a13afb.jpg,640,640,healthy foot,116,143,569,512
100059_jpg.rf.1f44f4871366639539f06dbee8155851.jpg,640,640,diabetic-foot-ulcer,254,140,397,312
100037_jpg.rf.5ee6d1e2c006464cd223c1c5e5066e3a.jpg,640,640,diabetic-foot-ulcer,113,203,361,495
100083_jpg.rf.f85064e56833e00d9b521dffecef8a5d.jpg,640,640,diabetic-foot-ulcer,232,207,397,476
BoonKeng-MuiLan-20211120111758-95c67188-lateral_left_jpeg_jpg.rf.5bd0b62ac765a12840e5ff820c56ce29.jpg,640,640,healthy foot,195,298,471,447
BoonKeng-MuiLan-20211120111758-95c67188-lateral_left_jpeg_jpg.rf.5bd0b62ac765a12840e5ff820c56ce29.jpg,640,640,healthy foot,6,484,112,640
BoonKeng-MuiLan-20211120112631-e204a79d-front_jpeg_jpg.rf.fd41b7927a4498f30d3c8f6a697f5dbd.jpg,640,640,healthy foot,106,332,395,619
100099_jpg.rf.5fb2320a49c55ed517eecf35e463fdb6.jpg,640,640,diabetic-foot-ulcer,205,238,306,395
100219_jpg.rf.e3c8cc287314c2856245b86096217527.jpg,640,640,diabetic-foot-ulcer,182,229,282,396
BoonKeng-MuiLan-2021118104644-96e56283-medial_left_jpeg_jpg.rf.41f0ad6a66cb5b7b75f013220f7f6ed4.jpg,640,640,healthy foot,80,302,559,481
100196_jpg.rf.bc8d701e4a805c2225bc63a97c249ce3.jpg,640,640,diabetic-foot-ulcer,240,163,429,424
BoonKeng-MuiLan-20211120123233-02573600-medial_left_jpeg_jpg.rf.981ebd711c883623aa82e0c410449e88.jpg,640,640,healthy foot,151,320,425,464
BoonKeng-MuiLan-20211120123233-02573600-medial_left_jpeg_jpg.rf.981ebd711c883623aa82e0c410449e88.jpg,640,640,healthy foot,460,439,640,640
BoonKeng-MuiLan-20211120162510-753b5fec-dorsal_jpeg_jpg.rf.62c7c1f8b9a37fb1cb57cd519805352d.jpg,640,640,healthy foot,40,54,274,471
BoonKeng-MuiLan-20211120162510-753b5fec-dorsal_jpeg_jpg.rf.62c7c1f8b9a37fb1cb57cd519805352d.jpg,640,640,healthy foot,347,85,608,521
100009_jpg.rf.bcc85ddea1fd48cdb2192b6089934a09.jpg,640,640,diabetic-foot-ulcer,354,387,427,500
100194_jpg.rf.558b002f7e50cc1eda754bbdd8d786ae.jpg,640,640,diabetic-foot-ulcer,118,111,445,377
BoonKeng-MuiLan-20211120113217-db898d94-front_jpeg_jpg.rf.82deac0277a3d69673d206c93d732102.jpg,640,640,healthy foot,121,280,284,523
BoonKeng-MuiLan-20211120113217-db898d94-front_jpeg_jpg.rf.82deac0277a3d69673d206c93d732102.jpg,640,640,healthy foot,360,272,537,506
BoonKeng-MuiLan-20211011165016-83eee475-front_jpeg_jpg.rf.83074e8cdd590b8d7dbc362aa5a5477d.jpg,640,640,healthy foot,28,258,292,584
BoonKeng-MuiLan-20211011165016-83eee475-front_jpeg_jpg.rf.83074e8cdd590b8d7dbc362aa5a5477d.jpg,640,640,healthy foot,317,241,589,562
100193_jpg.rf.ec804c241f036ffdbd350e0bb1b37b81.jpg,640,640,diabetic-foot-ulcer,201,135,429,454
100223_jpg.rf.43f78d24b1d559f32f5357455fdad77e.jpg,640,640,diabetic-foot-ulcer,212,226,414,427
100167_jpg.rf.18b2e27ca55564c390a7316932c63bd7.jpg,640,640,diabetic-foot-ulcer,249,244,412,491
100021_jpg.rf.9461dafd6560fc7aa81037813922f716.jpg,640,640,diabetic-foot-ulcer,246,126,397,325
100059_jpg.rf.2d91093217cc329a8769b83ac27b99bd.jpg,640,640,diabetic-foot-ulcer,215,325,369,501
100015_jpg.rf.ffb33aeb82bfe01bec78a8ba0be44755.jpg,640,640,diabetic-foot-ulcer,254,245,424,470
100035_jpg.rf.73dddc3a661b06e4af13430ddef1056f.jpg,640,640,diabetic-foot-ulcer,166,183,409,547
BoonKeng-MuiLan-202111209414-5bd2c781-lateral_right_jpeg_jpg.rf.be503382038e390037b52373b97a7e74.jpg,640,640,healthy foot,118,250,448,409
100048_jpg.rf.deeb7c916ee4ef328550d09bb7020874.jpg,640,640,diabetic-foot-ulcer,141,59,369,419
100129_jpg.rf.cac6ec0b45c70148cdc2bd2a55782222.jpg,640,640,diabetic-foot-ulcer,7,94,292,480
BoonKeng-Jennie-2021930133328-729a07b8-medial_right_jpeg_jpg.rf.4364b29c1554253352bad0dc7083db6b.jpg,640,640,healthy foot,3,116,640,407
BoonKeng-MuiLan-2021112015255-069348af-medial_right_jpeg_jpg.rf.bde5b2424dcbc5a1abe2489a915ca3eb.jpg,640,640,healthy foot,144,267,485,423
100196_jpg.rf.8f0e69bf59d9aac65f633ab3a9d41e2a.jpg,640,640,diabetic-foot-ulcer,193,159,380,453
BoonKeng-MuiLan-20211011165016-83eee475-plantar_jpeg_jpg.rf.e506fbc350590f4a1bcef5237fd8f2c4.jpg,640,640,healthy foot,64,64,551,607
BoonKeng-Jennie-2021916998-3e5dcfe9-medial_left_jpeg_jpg.rf.0adac580f6a9fd96fcc02bc02b6233ac.jpg,640,640,healthy foot,70,311,548,521
100128_jpg.rf.c585c7f1da480a0906175b1c7633c7c1.jpg,640,640,diabetic-foot-ulcer,238,170,529,532
100080_jpg.rf.a02b5b40839895b115c52b3c301f1602.jpg,640,640,diabetic-foot-ulcer,176,146,383,416
100147_jpg.rf.382aba40f6e9bc90f922c17998c971f6.jpg,640,640,diabetic-foot-ulcer,104,2,481,580
100128_jpg.rf.47cf7df65138bbf3160f86f6ab9470d2.jpg,640,640,diabetic-foot-ulcer,155,54,419,390
BoonKeng-MuiLan-20211120124427-9386068f-lateral_left_jpeg_jpg.rf.ca6481d7813459ebd695691bbcd789ad.jpg,640,640,healthy foot,35,183,506,444
BoonKeng-MuiLan-20211120124427-9386068f-lateral_left_jpeg_jpg.rf.ca6481d7813459ebd695691bbcd789ad.jpg,640,640,healthy foot,568,71,640,214
100094_jpg.rf.a518499409e430a8bc31959afe34c73c.jpg,640,640,diabetic-foot-ulcer,225,207,497,451
BoonKeng-MuiLan-20211120131218-0d3a1c2c-medial_left_jpeg_jpg.rf.2f805ce252d9546c47717b8515234c8f.jpg,640,640,healthy foot,38,238,472,426
BoonKeng-MuiLan-20211120112631-e204a79d-dorsal_jpeg_jpg.rf.3a4ecfc40e8cfc795c469cb8217956df.jpg,640,640,healthy foot,122,254,447,593
100146_jpg.rf.f97ace4fb9c383a3a2cbdbfdf4ee8d62.jpg,640,640,diabetic-foot-ulcer,235,165,413,419
100109_jpg.rf.5eb7af0f1e66945d0efd0e906b4be375.jpg,640,640,diabetic-foot-ulcer,203,156,437,460
100044_jpg.rf.99aca17749db13f8f39c14805876d3f0.jpg,640,640,diabetic-foot-ulcer,374,138,447,226
BoonKeng-MuiLan-2021112013726-6753468e-medial_left_jpeg_jpg.rf.7b772104af6246436f97a95ee4703404.jpg,640,640,healthy foot,39,42,586,391
100046_jpg.rf.8e29ad3432fe013b1002f81db645b3b6.jpg,640,640,diabetic-foot-ulcer,250,207,345,445
BoonKeng-MuiLan-20211120155226-6de9b56a-lateral_right_jpeg_jpg.rf.1447a0f9f25f19c0e7761f7843592005.jpg,640,640,healthy foot,102,256,566,557
BoonKeng-MuiLan-20211120155226-6de9b56a-lateral_right_jpeg_jpg.rf.1447a0f9f25f19c0e7761f7843592005.jpg,640,640,healthy foot,493,89,640,230
BoonKeng-MuiLan-20211120133159-3d0dbb05-dorsal_jpeg_jpg.rf.7c1f1d6a26e7ad129b41ca1fd90fb361.jpg,640,640,healthy foot,71,67,550,548
BoonKeng-MuiLan-20211120132846-410dbd53-dorsal_jpeg_jpg.rf.0e13668ef9604b9742d9309d48711ce5.jpg,640,640,healthy foot,107,267,295,538
BoonKeng-MuiLan-20211120132846-410dbd53-dorsal_jpeg_jpg.rf.0e13668ef9604b9742d9309d48711ce5.jpg,640,640,healthy foot,443,287,630,616
BoonKeng-MuiLan-2021118143950-1277b75f-dorsal_jpeg_jpg.rf.8af68654d88b95bcd88b6757f3c5a5ef.jpg,640,640,healthy foot,71,201,310,595
BoonKeng-MuiLan-2021118143950-1277b75f-dorsal_jpeg_jpg.rf.8af68654d88b95bcd88b6757f3c5a5ef.jpg,640,640,healthy foot,329,171,545,619
BoonKeng-MuiLan-20211120155226-6de9b56a-dorsal_jpeg_jpg.rf.3a631dfeda7bb68ccba29fe36d6b4251.jpg,640,640,healthy foot,99,310,274,624
BoonKeng-MuiLan-20211120155226-6de9b56a-dorsal_jpeg_jpg.rf.3a631dfeda7bb68ccba29fe36d6b4251.jpg,640,640,healthy foot,290,296,452,633
BoonKeng-MuiLan-2021112017954-f5435765-lateral_left_jpeg_jpg.rf.84c24a985ecea95387c44842854c3a15.jpg,640,640,healthy foot,13,212,566,456
BoonKeng-MuiLan-2021112017954-f5435765-lateral_left_jpeg_jpg.rf.84c24a985ecea95387c44842854c3a15.jpg,640,640,healthy foot,573,136,640,259
BoonKeng-MuiLan-20211120113525-db24cfb5-medial_right_jpeg_jpg.rf.ef33c1047cdae627cfaf26ffd5572f7b.jpg,640,640,healthy foot,151,223,410,342
BoonKeng-MuiLan-20211120113525-db24cfb5-medial_right_jpeg_jpg.rf.ef33c1047cdae627cfaf26ffd5572f7b.jpg,640,640,healthy foot,429,360,640,568
BoonKeng-MuiLan-2021112010021-541e066a-lateral_right_jpeg_jpg.rf.756085dc6875fd84e370a8ae2f7e486e.jpg,640,640,healthy foot,174,367,371,517
BoonKeng-MuiLan-2021102894654-7d805d2a-medial_left_jpeg_jpg.rf.cd12ea3f8fcd828ccd5289fd57463577.jpg,640,640,healthy foot,86,282,625,489
BoonKeng-MuiLan-20211120104733-a8d5dd54-dorsal_jpeg_jpg.rf.8e52d69f4b2ffcb96af3dfd41f382b44.jpg,640,640,healthy foot,85,292,445,640
100119_jpg.rf.c9367098a1953371258d7c44de4f1a7f.jpg,640,640,diabetic-foot-ulcer,204,159,407,510
100203_jpg.rf.68fba5771fdb67f3d18bdd7d9b63c542.jpg,640,640,diabetic-foot-ulcer,203,178,373,503
100130_jpg.rf.b97faaf886e312ea591d97824f2c40db.jpg,640,640,diabetic-foot-ulcer,237,11,438,283
BoonKeng-MuiLan-2021112012342-a061670f-dorsal_jpeg_jpg.rf.b922d53ca03cf5e3841a5c30648bad57.jpg,640,640,healthy foot,182,90,303,360
BoonKeng-MuiLan-2021112012342-a061670f-dorsal_jpeg_jpg.rf.b922d53ca03cf5e3841a5c30648bad57.jpg,640,640,healthy foot,271,82,420,356
100008_jpg.rf.feddb3060fe88e9e7e31135f52d9fcde.jpg,640,640,diabetic-foot-ulcer,87,161,594,640
100183_jpg.rf.f2ad1901ffa40a99dc4de4c995986717.jpg,640,640,diabetic-foot-ulcer,148,51,476,501
100147_jpg.rf.2fc844646877bd7dbaf99b6c6c144d41.jpg,640,640,diabetic-foot-ulcer,106,19,556,494
100146_jpg.rf.9229e9e78ab1a51e4dde191f494cee08.jpg,640,640,diabetic-foot-ulcer,205,168,399,474
100030_jpg.rf.def050205ce1569ab574791260db3a2b.jpg,640,640,diabetic-foot-ulcer,166,74,356,322
100107_jpg.rf.53a03fec5a5530e05bc9b6660ef886fe.jpg,640,640,diabetic-foot-ulcer,212,218,343,455
100019_jpg.rf.7facdbe5092290c293fb9cf3fb49e566.jpg,640,640,diabetic-foot-ulcer,230,270,469,612
BoonKeng-MuiLan-20211120134112-78250d07-medial_left_jpeg_jpg.rf.d00ad791c93a6795f65f2313c7fc7b0d.jpg,640,640,healthy foot,95,235,510,432
100053_jpg.rf.fc672033cc1a592b0be64fcaf70fdfa6.jpg,640,640,diabetic-foot-ulcer,190,224,397,505
BoonKeng-MuiLan-2021112094649-99e06fc4-medial_right_jpeg_jpg.rf.d4aa99dbac7ee78e66c309b580b8fa5d.jpg,640,640,healthy foot,110,337,485,499
100121_jpg.rf.671059a02b3bf0501617a6ef9983cf4f.jpg,640,640,diabetic-foot-ulcer,226,314,495,596
100212_jpg.rf.276afc439eabed1bd9d28fb00df97405.jpg,640,640,diabetic-foot-ulcer,178,247,336,490
BoonKeng-MuiLan-2021112014244-d5e8ac2a-dorsal_jpeg_jpg.rf.71d53d2fad8f72d519224637eaa63fdf.jpg,640,640,healthy foot,42,159,299,456
BoonKeng-MuiLan-2021112014244-d5e8ac2a-dorsal_jpeg_jpg.rf.71d53d2fad8f72d519224637eaa63fdf.jpg,640,640,healthy foot,336,102,634,421
BoonKeng-MuiLan-20211120155226-6de9b56a-medial_left_jpeg_jpg.rf.b297f5a8cf04efcb623b69d96062b281.jpg,640,640,healthy foot,147,232,597,400
100177_jpg.rf.5649797a1816aec1c308dd8a7d8d37a0.jpg,640,640,diabetic-foot-ulcer,279,233,444,428
BoonKeng-MuiLan-20211120115656-4129036f-front_jpeg_jpg.rf.54837d932f764502f54dcb5237d60091.jpg,640,640,healthy foot,162,266,315,501
BoonKeng-MuiLan-20211120115656-4129036f-front_jpeg_jpg.rf.54837d932f764502f54dcb5237d60091.jpg,640,640,healthy foot,350,249,522,485
100135_jpg.rf.6942e9661552a995de55b6796e6e014e.jpg,640,640,diabetic-foot-ulcer,322,292,482,461
BoonKeng-MuiLan-2021112017239-71991743-medial_left_jpeg_jpg.rf.dfdcda57678c5d7e0e85a5568c64f1dd.jpg,640,640,healthy foot,0,254,605,482
BoonKeng-MuiLan-2021112017234-8ce513ad-front_jpeg_jpg.rf.c7dc7b4b2b478598b62f169419cbceb9.jpg,640,640,healthy foot,165,281,315,488
BoonKeng-MuiLan-2021112017234-8ce513ad-front_jpeg_jpg.rf.c7dc7b4b2b478598b62f169419cbceb9.jpg,640,640,healthy foot,387,267,538,470
100078_jpg.rf.9b2ea730ac287cd0724cf5a0b7c333ec.jpg,640,640,diabetic-foot-ulcer,202,186,510,518
100060_jpg.rf.5043ed451cbe7f8e7988a68f5a1edbb3.jpg,640,640,diabetic-foot-ulcer,343,207,488,533
BoonKeng-MuiLan-2021102894654-7d805d2a-medial_right_jpeg_jpg.rf.8920d548880e62d7c2bfde140fc5139c.jpg,640,640,healthy foot,91,314,601,517
BoonKeng-MuiLan-2021112011256-310c771d-lateral_right_jpeg_jpg.rf.428f311eb915eb297daab68c409eaa73.jpg,640,640,healthy foot,138,266,471,484
BoonKeng-MuiLan-2021112011256-310c771d-lateral_right_jpeg_jpg.rf.428f311eb915eb297daab68c409eaa73.jpg,640,640,healthy foot,495,211,640,320
100211_jpg.rf.daac9e0b45d43253e7cb74f08bf05074.jpg,640,640,diabetic-foot-ulcer,212,111,375,385
100035_jpg.rf.078d33db05fb51f2a04ff492c2be6d19.jpg,640,640,diabetic-foot-ulcer,119,67,441,508
100213_jpg.rf.2015b614bab592582c2927537d7027d0.jpg,640,640,diabetic-foot-ulcer,231,47,401,366
BoonKeng-MuiLan-2021112011947-094ae880-dorsal_jpeg_jpg.rf.2dd068521855b06447d84acebbb31b99.jpg,640,640,healthy foot,47,148,238,477
BoonKeng-MuiLan-2021112011947-094ae880-dorsal_jpeg_jpg.rf.2dd068521855b06447d84acebbb31b99.jpg,640,640,healthy foot,282,130,460,480
100014_jpg.rf.8dd3c68d8b6156028c1e471cc26fdf00.jpg,640,640,diabetic-foot-ulcer,256,323,401,515
100014_jpg.rf.8dd3c68d8b6156028c1e471cc26fdf00.jpg,640,640,diabetic-foot-ulcer,246,118,378,248
BoonKeng-MuiLan-20211120111758-95c67188-dorsal_jpeg_jpg.rf.55158e45877136e223249fa56985526f.jpg,640,640,healthy foot,20,287,192,521
BoonKeng-MuiLan-20211120111758-95c67188-dorsal_jpeg_jpg.rf.55158e45877136e223249fa56985526f.jpg,640,640,healthy foot,334,242,491,534
100115_jpg.rf.f8c72f95d19bf1d88a40dc2cae5aab6e.jpg,640,640,diabetic-foot-ulcer,126,203,432,483
100061_jpg.rf.5bb69c5b38be6796a55fbed7b5dab2c2.jpg,640,640,diabetic-foot-ulcer,271,45,417,276
100075_jpg.rf.75f63d6083746135e5f462981da59326.jpg,640,640,diabetic-foot-ulcer,221,26,606,569
BoonKeng-MuiLan-2021112013726-6753468e-lateral_right_jpeg_jpg.rf.c50e6cd942d79e7b8f9613c304e4cfdb.jpg,640,640,healthy foot,98,81,612,414
BoonKeng-MuiLan-2021112013726-6753468e-lateral_right_jpeg_jpg.rf.c50e6cd942d79e7b8f9613c304e4cfdb.jpg,640,640,healthy foot,0,61,83,181
BoonKeng-MuiLan-202111209549-6e2a4646-dorsal_jpeg_jpg.rf.5784cfb7aadae0c83aae0968255302b8.jpg,640,640,healthy foot,71,242,261,542
BoonKeng-MuiLan-202111209549-6e2a4646-dorsal_jpeg_jpg.rf.5784cfb7aadae0c83aae0968255302b8.jpg,640,640,healthy foot,286,214,453,548
BoonKeng-MuiLan-20211120103418-6f20e254-medial_right_jpeg_jpg.rf.bb7e41618ae85a858e890e32f20e9e61.jpg,640,640,healthy foot,100,239,450,399
BoonKeng-MuiLan-20211120103418-6f20e254-medial_right_jpeg_jpg.rf.bb7e41618ae85a858e890e32f20e9e61.jpg,640,640,healthy foot,529,388,640,591
BoonKeng-MuiLan-20211120124427-9386068f-medial_right_jpeg_jpg.rf.5a4257b4f3f85eca131e713fb2839e50.jpg,640,640,healthy foot,123,174,565,389
BoonKeng-MuiLan-20211120125527-f6d551f3-lateral_left_jpeg_jpg.rf.765442634101aa140e005cdfe71e3be1.jpg,640,640,healthy foot,46,165,461,388
BoonKeng-MuiLan-20211120125527-f6d551f3-lateral_left_jpeg_jpg.rf.765442634101aa140e005cdfe71e3be1.jpg,640,640,healthy foot,549,160,640,312
BoonKeng-MuiLan-2021112017954-f5435765-medial_left_jpeg_jpg.rf.a56398f1503e32743ae7981fad041f86.jpg,640,640,healthy foot,13,185,614,405
BoonKeng-MuiLan-20211120125754-1e88c8ca-medial_left_jpeg_jpg.rf.5709614b1cf2df4474623aba19d37e7c.jpg,640,640,healthy foot,36,255,535,457
BoonKeng-MuiLan-20211120115643-8e1bae11-medial_right_jpeg_jpg.rf.102696a4838c54822ee6dcc7da3a2bf5.jpg,640,640,healthy foot,99,278,483,420
BoonKeng-MuiLan-20211120115643-8e1bae11-medial_right_jpeg_jpg.rf.102696a4838c54822ee6dcc7da3a2bf5.jpg,640,640,healthy foot,0,365,43,496
BoonKeng-MuiLan-2021112012342-a061670f-lateral_left_jpeg_jpg.rf.792da3452c70704660cf4e37ba55e8a5.jpg,640,640,healthy foot,1,230,82,427
BoonKeng-MuiLan-2021112012342-a061670f-lateral_left_jpeg_jpg.rf.792da3452c70704660cf4e37ba55e8a5.jpg,640,640,healthy foot,151,303,476,553
100180_jpg.rf.ea62a3c507516372bc5269aea7efd5ac.jpg,640,640,diabetic-foot-ulcer,170,38,415,358
BoonKeng-MuiLan-2021112010104-0fb77efc-dorsal_jpeg_jpg.rf.9c65040d5633e7cfaed8ab8e23244b90.jpg,640,640,healthy foot,128,117,465,499
100215_jpg.rf.ccb90c84b30347d410700e1b7a883fbc.jpg,640,640,diabetic-foot-ulcer,132,35,547,504
100061_jpg.rf.7657acd628dab4a72cf2126b2ef39fc5.jpg,640,640,diabetic-foot-ulcer,239,22,380,280
100061_jpg.rf.7657acd628dab4a72cf2126b2ef39fc5.jpg,640,640,diabetic-foot-ulcer,406,92,454,178
BoonKeng-MuiLan-20211120102553-2c70ff46-front_jpeg_jpg.rf.98fb8fb387ec644c83b407e3bb6f1918.jpg,640,640,healthy foot,10,175,240,505
BoonKeng-MuiLan-20211120102553-2c70ff46-front_jpeg_jpg.rf.98fb8fb387ec644c83b407e3bb6f1918.jpg,640,640,healthy foot,337,199,559,547
100221_jpg.rf.cc1f409d080be3ada5c89eea32b5516e.jpg,640,640,diabetic-foot-ulcer,275,330,416,604
100074_jpg.rf.dac5b6d04eb5162502df492bebf21ff7.jpg,640,640,diabetic-foot-ulcer,234,154,461,392
BoonKeng-MuiLan-20211120125527-f6d551f3-medial_right_jpeg_jpg.rf.46c4fd04646844e0d097c8f32cd36791.jpg,640,640,healthy foot,38,192,560,475
BoonKeng-MuiLan-2021112017234-8ce513ad-dorsal_jpeg_jpg.rf.235b1cc0a675c92002d6ba654ed40012.jpg,640,640,healthy foot,129,304,299,601
BoonKeng-MuiLan-2021112017234-8ce513ad-dorsal_jpeg_jpg.rf.235b1cc0a675c92002d6ba654ed40012.jpg,640,640,healthy foot,374,293,536,585
BoonKeng-MuiLan-2021112014244-d5e8ac2a-lateral_left_jpeg_jpg.rf.5082513fd9e198673efee2697690d047.jpg,640,640,healthy foot,6,260,547,515
BoonKeng-MuiLan-2021112014244-d5e8ac2a-lateral_left_jpeg_jpg.rf.5082513fd9e198673efee2697690d047.jpg,640,640,healthy foot,539,207,640,318
100215_jpg.rf.372ec44972afa7e7a5f25202d86c0a2a.jpg,640,640,diabetic-foot-ulcer,150,51,515,602
BoonKeng-MuiLan-20211120162510-753b5fec-front_jpeg_jpg.rf.c379ec09bfe888f945adb809e39a6d5f.jpg,640,640,healthy foot,94,151,546,553
100213_jpg.rf.e69b0e8432526e2e9a6ac52337ba880a.jpg,640,640,diabetic-foot-ulcer,256,187,530,482
100015_jpg.rf.1837c985bdda7eba952283a87fef87bf.jpg,640,640,diabetic-foot-ulcer,188,201,403,469
BoonKeng-MuiLan-20211120163026-4179e629-lateral_right_jpeg_jpg.rf.357156a2f2c480b6717ebac3dcae7be1.jpg,640,640,healthy foot,100,229,471,468
BoonKeng-MuiLan-20211120163026-4179e629-lateral_right_jpeg_jpg.rf.357156a2f2c480b6717ebac3dcae7be1.jpg,640,640,healthy foot,412,116,640,273
BoonKeng-MuiLan-20211120114539-0dd42915-medial_right_jpeg_jpg.rf.0e7e04701711351db499efa924918eac.jpg,640,640,healthy foot,9,180,463,377
BoonKeng-MuiLan-20211120111147-e4b91ccf-front_jpeg_jpg.rf.6078b4a40d81242bfa2e8169a3846ded.jpg,640,640,healthy foot,31,333,439,640
BoonKeng-MuiLan-2021112011113-be3da5ab-lateral_left_jpeg_jpg.rf.5c536b40d1aeaa7d14b1de9ed848fbcb.jpg,640,640,healthy foot,127,323,487,517
BoonKeng-MuiLan-20211120131457-308723c7-medial_left_jpeg_jpg.rf.4367e3791966be49bd1052507c16dcfb.jpg,640,640,healthy foot,90,230,466,374
BoonKeng-MuiLan-20211120144752-c3e3e4e6-dorsal_jpeg_jpg.rf.a20256ea87aaef741409adb79c08a0b2.jpg,640,640,healthy foot,30,244,226,462
BoonKeng-MuiLan-20211120144752-c3e3e4e6-dorsal_jpeg_jpg.rf.a20256ea87aaef741409adb79c08a0b2.jpg,640,640,healthy foot,371,271,568,492
100199_jpg.rf.7ced55d1660c2374b33e6be5b534442b.jpg,640,640,diabetic-foot-ulcer,41,9,517,388
100180_jpg.rf.0655bf0ae68dc3eb978c8b4d52409932.jpg,640,640,diabetic-foot-ulcer,131,252,404,491
100083_jpg.rf.40481cceb96cc95c49c1931469c2e8af.jpg,640,640,diabetic-foot-ulcer,258,202,421,492
BoonKeng-MuiLan-2021112011541-c05ddcca-lateral_right_jpeg_jpg.rf.7c9504df79fed888d7477efc378a879c.jpg,640,640,healthy foot,152,339,435,525
BoonKeng-MuiLan-2021112011541-c05ddcca-lateral_right_jpeg_jpg.rf.7c9504df79fed888d7477efc378a879c.jpg,640,640,healthy foot,439,233,640,337
BoonKeng-MuiLan-20211120114934-8cbdbaf9-front_jpeg_jpg.rf.c32d5202e660a30c9bf4b91bd93f45b7.jpg,640,640,healthy foot,14,187,248,444
BoonKeng-MuiLan-20211120114934-8cbdbaf9-front_jpeg_jpg.rf.c32d5202e660a30c9bf4b91bd93f45b7.jpg,640,640,healthy foot,355,238,521,501
100103_jpg.rf.85e15fa287b2fd48e844b2fd70da21e1.jpg,640,640,diabetic-foot-ulcer,97,217,286,436
100019_jpg.rf.65478aab1ff8e2d8631b9525500da4fd.jpg,640,640,diabetic-foot-ulcer,225,92,549,413
100223_jpg.rf.a55b81a1b6a6be9899fd7c71a93adced.jpg,640,640,diabetic-foot-ulcer,222,219,439,413
100094_jpg.rf.12e721417fbabd14d1e434f94f625813.jpg,640,640,diabetic-foot-ulcer,234,35,425,387
BoonKeng-MuiLan-2021112011947-094ae880-front_jpeg_jpg.rf.0c596fc5949da56a34ce4d313d620905.jpg,640,640,healthy foot,146,224,277,396
BoonKeng-MuiLan-2021112011947-094ae880-front_jpeg_jpg.rf.0c596fc5949da56a34ce4d313d620905.jpg,640,640,healthy foot,338,214,466,397
BoonKeng-MuiLan-20211120121622-bfc72148-medial_left_jpeg_jpg.rf.f893282c320c963d91e54cb4c7b7c812.jpg,640,640,healthy foot,76,194,399,384
BoonKeng-MuiLan-20211120121622-bfc72148-medial_left_jpeg_jpg.rf.f893282c320c963d91e54cb4c7b7c812.jpg,640,640,healthy foot,547,427,640,640
100077_jpg.rf.fbf6fd03ab866a88f10421d6b50de9bb.jpg,640,640,diabetic-foot-ulcer,241,128,457,490
BoonKeng-MuiLan-2021118151854-dace0b11-lateral_right_jpeg_jpg.rf.92f198c3626ac91b36f9ec9b21d9b786.jpg,640,640,healthy foot,88,246,574,469
100099_jpg.rf.17ef1d15a045a0db6c02bddea3fcc108.jpg,640,640,diabetic-foot-ulcer,175,217,281,412
100182_jpg.rf.95ebb00f51f4e3f032d6af589f30a2c0.jpg,640,640,diabetic-foot-ulcer,316,52,474,401
100040_jpg.rf.aef8a38930627e64babdf7e4aa736258.jpg,640,640,diabetic-foot-ulcer,171,7,442,354
100037_jpg.rf.c08f4609b281286715c61f7c37f63d2b.jpg,640,640,diabetic-foot-ulcer,222,0,432,312
100010_jpg.rf.44cd1d0dc7f2e44b27ba9a8b620b305f.jpg,640,640,diabetic-foot-ulcer,294,66,434,225
100010_jpg.rf.44cd1d0dc7f2e44b27ba9a8b620b305f.jpg,640,640,diabetic-foot-ulcer,433,219,492,302
BoonKeng-MuiLan-20211120162510-753b5fec-medial_right_jpeg_jpg.rf.4d6a152921d76e4193089da753bd684c.jpg,640,640,healthy foot,66,215,574,478
BoonKeng-MuiLan-2021112017954-f5435765-lateral_right_jpeg_jpg.rf.a0f258b405df9ce77364a08e6fbe1b0e.jpg,640,640,healthy foot,29,191,618,463
100012_jpg.rf.2683075c7f06cec515262d3d4cb93247.jpg,640,640,diabetic-foot-ulcer,326,187,497,345
BoonKeng-MuiLan-2021112012342-a061670f-lateral_right_jpeg_jpg.rf.b9619da5d17f02fef4896df5786d5e9b.jpg,640,640,healthy foot,61,295,404,560
BoonKeng-MuiLan-2021112012342-a061670f-lateral_right_jpeg_jpg.rf.b9619da5d17f02fef4896df5786d5e9b.jpg,640,640,healthy foot,400,189,640,344
100075_jpg.rf.d39e1ab46677bc41e6f3d0956fdc8c64.jpg,640,640,diabetic-foot-ulcer,131,32,545,486
100045_jpg.rf.0fb7cdf232cd8ef57935422db480702e.jpg,640,640,diabetic-foot-ulcer,329,239,429,406
BoonKeng-MuiLan-20211120101812-9230bc46-lateral_left_jpeg_jpg.rf.810712ce04c89fb64a93094441898b8c.jpg,640,640,healthy foot,99,390,420,544
100041_jpg.rf.531a98228037abe96a1b4fd939be8d9e.jpg,640,640,diabetic-foot-ulcer,179,226,325,447
BoonKeng-MuiLan-20211120125754-1e88c8ca-medial_right_jpeg_jpg.rf.e77bc5ff39d20fcc94af05abb6a49fc5.jpg,640,640,healthy foot,18,314,520,525
BoonKeng-MuiLan-2021112017234-8ce513ad-medial_left_jpeg_jpg.rf.b93f014a527198ebd8ea48ac1a1f456e.jpg,640,640,healthy foot,110,264,516,445
BoonKeng-MuiLan-2021112017234-8ce513ad-medial_left_jpeg_jpg.rf.b93f014a527198ebd8ea48ac1a1f456e.jpg,640,640,healthy foot,524,287,640,496
BoonKeng-MuiLan-20211120114539-0dd42915-lateral_right_jpeg_jpg.rf.5c2b90ad00779ba538986af43a6a466e.jpg,640,640,healthy foot,105,213,640,509
BoonKeng-MuiLan-2021112010610-751182d9-dorsal_jpeg_jpg.rf.4ce0fce3fc9271f46a47a89854bcbee4.jpg,640,640,healthy foot,62,191,519,548
100197_jpg.rf.19659daeedc3a4c5e87d9b2b27a88534.jpg,640,640,diabetic-foot-ulcer,194,189,470,515
BoonKeng-MuiLan-20211120102844-1727c397-front_jpeg_jpg.rf.9ff1c0bcd542d7a6726c89da772c5a3c.jpg,640,640,healthy foot,55,188,301,494
BoonKeng-MuiLan-20211120102844-1727c397-front_jpeg_jpg.rf.9ff1c0bcd542d7a6726c89da772c5a3c.jpg,640,640,healthy foot,348,163,549,506
BoonKeng-MuiLan-20211120113217-db898d94-lateral_left_jpeg_jpg.rf.3951e896c605863314126f5332c59e16.jpg,640,640,healthy foot,78,294,290,392
BoonKeng-MuiLan-20211120113217-db898d94-lateral_left_jpeg_jpg.rf.3951e896c605863314126f5332c59e16.jpg,640,640,healthy foot,239,391,480,514
BoonKeng-MuiLan-2021118105050-c6a63d2a-front_jpeg_jpg.rf.13f42042aef504d7e08e32512a64a20b.jpg,640,640,healthy foot,8,221,284,557
BoonKeng-MuiLan-2021118105050-c6a63d2a-front_jpeg_jpg.rf.13f42042aef504d7e08e32512a64a20b.jpg,640,640,healthy foot,291,196,546,540
100027_jpg.rf.c4f07491b2aed0dd6f9449fdf101f709.jpg,640,640,diabetic-foot-ulcer,185,182,319,426
100069_jpg.rf.22dcd6a1bcd22a8ddf140d498f6c6e4d.jpg,640,640,diabetic-foot-ulcer,207,237,437,548
BoonKeng-MuiLan-20211120102123-ab9fc1f3-front_jpeg_jpg.rf.bdc7ecaef6fa9fa17d0b5e6730acf675.jpg,640,640,healthy foot,106,229,420,517
BoonKeng-MuiLan-20211120124658-7fe27cc5-lateral_right_jpeg_jpg.rf.127124ed632d075dd08bf1ebed8de41f.jpg,640,640,healthy foot,147,138,433,290
BoonKeng-MuiLan-20211120115836-60425775-medial_right_jpeg_jpg.rf.a7cd85007cd957eb7590d61ba600c2d8.jpg,640,640,healthy foot,40,200,339,344
BoonKeng-MuiLan-20211120115836-60425775-medial_right_jpeg_jpg.rf.a7cd85007cd957eb7590d61ba600c2d8.jpg,640,640,healthy foot,392,178,640,463
100142_jpg.rf.48981433e38ff4a4f2874ecce6e1f3be.jpg,640,640,diabetic-foot-ulcer,135,125,409,405
100161_jpg.rf.c8ad394a2c9f9b6bff65538736df83ae.jpg,640,640,diabetic-foot-ulcer,106,181,570,626
100085_jpg.rf.6dd4b8ac8e4419f86b42bfe99fe455a8.jpg,640,640,diabetic-foot-ulcer,221,202,393,400
BoonKeng-MuiLan-20211120115643-8e1bae11-lateral_left_jpeg_jpg.rf.bd93ba8a1b268bbad97006ad4f6d1d83.jpg,640,640,healthy foot,30,334,421,498
BoonKeng-MuiLan-20211120115643-8e1bae11-lateral_left_jpeg_jpg.rf.bd93ba8a1b268bbad97006ad4f6d1d83.jpg,640,640,healthy foot,429,240,640,386
BoonKeng-MuiLan-20211120132149-44703bf1-medial_right_jpeg_jpg.rf.8b165f63f0903154e45a2a99b399f29c.jpg,640,640,healthy foot,7,255,545,515
BoonKeng-MuiLan-20211120144752-c3e3e4e6-medial_left_jpeg_jpg.rf.193255221ba95ae58a9736a3e5b4d20a.jpg,640,640,healthy foot,94,198,564,433
BoonKeng-MuiLan-20211120125754-1e88c8ca-lateral_left_jpeg_jpg.rf.40485841ff4384d053e43812b1732b00.jpg,640,640,healthy foot,61,146,622,377
BoonKeng-MuiLan-20211120101812-9230bc46-front_jpeg_jpg.rf.b7b306f284994ec4feccee55142ce329.jpg,640,640,healthy foot,78,343,262,615
BoonKeng-MuiLan-20211120101812-9230bc46-front_jpeg_jpg.rf.b7b306f284994ec4feccee55142ce329.jpg,640,640,healthy foot,334,340,503,640
100203_jpg.rf.a38f901d496ac7f7b9ff30303eab531e.jpg,640,640,diabetic-foot-ulcer,287,135,463,328
BoonKeng-MuiLan-20211120101449-e2d74da1-front_jpeg_jpg.rf.86537321ec1a754b41ebf9cd61fed088.jpg,640,640,healthy foot,27,264,219,552
BoonKeng-MuiLan-20211120101449-e2d74da1-front_jpeg_jpg.rf.86537321ec1a754b41ebf9cd61fed088.jpg,640,640,healthy foot,388,234,599,532
100082_jpg.rf.8cf5c09b5c85286ecf6d3a2cd86c176a.jpg,640,640,diabetic-foot-ulcer,261,207,473,443
BoonKeng-MuiLan-2021112010610-751182d9-medial_left_jpeg_jpg.rf.d909a6412a9fd50a013d756c2f97957d.jpg,640,640,healthy foot,115,177,377,341
100197_jpg.rf.c3abc6db4c06510092ed42e97d857300.jpg,640,640,diabetic-foot-ulcer,235,139,448,533
BoonKeng-MuiLan-2021118151854-dace0b11-dorsal_jpeg_jpg.rf.b36bbb8da36e2b32b597e6f71859ac0a.jpg,640,640,healthy foot,28,136,476,616
100119_jpg.rf.5d3c40b17a5d8b3fc579046627ae4edc.jpg,640,640,diabetic-foot-ulcer,194,68,366,407
BoonKeng-MuiLan-20211120121622-bfc72148-lateral_right_jpeg_jpg.rf.8ef677536e476a0c01ffcbfc9766eb7a.jpg,640,640,healthy foot,94,322,500,576
BoonKeng-MuiLan-20211120142018-256dd9c3-lateral_right_jpeg_jpg.rf.5b7865686600541058f8d2883071694d.jpg,640,640,healthy foot,51,270,504,557
100205_jpg.rf.f3d965867d1defa642a278d1ee8b4162.jpg,640,640,diabetic-foot-ulcer,290,276,470,569
100021_jpg.rf.8998109cd60e1427157c1d6c8bce2cd4.jpg,640,640,diabetic-foot-ulcer,223,238,344,421
BoonKeng-MuiLan-2021112011452-682b04bd-dorsal_jpeg_jpg.rf.168cc3b8fa054e54817e31ab1631c162.jpg,640,640,healthy foot,115,196,275,520
BoonKeng-MuiLan-2021112011452-682b04bd-dorsal_jpeg_jpg.rf.168cc3b8fa054e54817e31ab1631c162.jpg,640,640,healthy foot,390,187,608,483
100123_jpg.rf.e11c4f382454adc1d5a269a35f3b1fce.jpg,640,640,diabetic-foot-ulcer,318,93,498,501
BoonKeng-MuiLan-20211120125527-f6d551f3-dorsal_jpeg_jpg.rf.8496ed76385041346533944cf9a8a279.jpg,640,640,healthy foot,109,136,524,534
100212_jpg.rf.e5886eccbacff4aac067b438272968f5.jpg,640,640,diabetic-foot-ulcer,330,204,485,428
100085_jpg.rf.a586c7e5af1518d49de34866617af747.jpg,640,640,diabetic-foot-ulcer,206,149,397,454
BoonKeng-MuiLan-2021112010504-6218d7e3-lateral_right_jpeg_jpg.rf.d818edba89f878f03d968c7261ceb8d6.jpg,640,640,healthy foot,119,168,496,394
BoonKeng-MuiLan-20211120113723-eb6e5981-medial_right_jpeg_jpg.rf.d9e216f0c36b5139372fddc88bc73ac7.jpg,640,640,healthy foot,115,276,371,398
BoonKeng-MuiLan-20211120113723-eb6e5981-medial_right_jpeg_jpg.rf.d9e216f0c36b5139372fddc88bc73ac7.jpg,640,640,healthy foot,461,276,640,575
100029_jpg.rf.d7b53927df665b327667478244cc138a.jpg,640,640,diabetic-foot-ulcer,121,180,334,493
BoonKeng-MuiLan-2021112015255-069348af-lateral_right_jpeg_jpg.rf.0951ab22e17a4a76b6e197dd25eae489.jpg,640,640,healthy foot,129,276,534,456
100143_jpg.rf.dabedfb21390f413c00d92a8ba74f283.jpg,640,640,diabetic-foot-ulcer,327,112,535,365
BoonKeng-MuiLan-2021102894654-7d805d2a-lateral_right_jpeg_jpg.rf.af4c1d56b798c75b47c09cf4dbc62efe.jpg,640,640,healthy foot,51,294,619,567
100078_jpg.rf.da00cff3239d68babc5618944f1c9bda.jpg,640,640,diabetic-foot-ulcer,140,180,359,471
BoonKeng-MuiLan-2021112010610-751182d9-lateral_right_jpeg_jpg.rf.472c4adfb238d5f12a1648f9d1701b98.jpg,640,640,healthy foot,136,286,439,474
BoonKeng-MuiLan-2021112010610-751182d9-lateral_right_jpeg_jpg.rf.472c4adfb238d5f12a1648f9d1701b98.jpg,640,640,healthy foot,0,156,150,304
100030_jpg.rf.fd90c92cb4b581f9f612cda41255e934.jpg,640,640,diabetic-foot-ulcer,318,78,498,363
100135_jpg.rf.8b8284f13f07722266ddf4e4b617acf4.jpg,640,640,diabetic-foot-ulcer,202,57,336,292
100174_jpg.rf.db8a005aa35ad386c6b898add752f95b.jpg,640,640,diabetic-foot-ulcer,261,171,413,437
BoonKeng-MuiLan-2021112011541-c05ddcca-lateral_left_jpeg_jpg.rf.0f6524504093aae1946352aadd1268f6.jpg,640,640,healthy foot,116,337,471,521
BoonKeng-MuiLan-2021112011541-c05ddcca-lateral_left_jpeg_jpg.rf.0f6524504093aae1946352aadd1268f6.jpg,640,640,healthy foot,1,189,130,340
BoonKeng-MuiLan-2021102894654-7d805d2a-front_jpeg_jpg.rf.43d3696a94d80b17e9663056f49d4248.jpg,640,640,healthy foot,21,114,461,577
100034_jpg.rf.61dca8d1120c4d005ae871266e980c07.jpg,640,640,diabetic-foot-ulcer,239,347,322,474
100107_jpg.rf.1e0f83e6928afea62ac5073d15d64ced.jpg,640,640,diabetic-foot-ulcer,238,300,430,491
BoonKeng-Jennie-20211120141333-fe11df71-lateral_right_jpeg_jpg.rf.2216aa85d81da1bc9afc91bf957f16a1.jpg,640,640,healthy foot,48,234,640,559
BoonKeng-MuiLan-202111209458-7cba04b6-medial_right_jpeg_jpg.rf.79718f9bd65a7ca95ac9b16e04100f0a.jpg,640,640,healthy foot,142,324,558,491
100046_jpg.rf.54c9d4c6be0f7c06a69539d9ce74f7c7.jpg,640,640,diabetic-foot-ulcer,265,272,421,428
100024_jpg.rf.aeb5bbaa75ecd4d126de066a0c97a4e1.jpg,640,640,diabetic-foot-ulcer,275,250,397,436
100210_jpg.rf.256391bb44ed6a3f78d9c4a20e15263c.jpg,640,640,diabetic-foot-ulcer,240,199,532,398
100124_jpg.rf.3dea7289baf2f30dfbdd297e784b6c88.jpg,640,640,diabetic-foot-ulcer,278,212,519,573
100220_jpg.rf.c1bb1e2438fed49db456bebf3206db26.jpg,640,640,diabetic-foot-ulcer,167,154,261,282
100029_jpg.rf.aaea55cdb2f4348ba3aee4c40a15d8fa.jpg,640,640,diabetic-foot-ulcer,253,119,497,482

BoonKeng-MuiLan-202111209458-7cba04b6-lateral_left_jpeg_jpg.rf.9a2c9ac245aba43b121b5881878b9ab6.jpg,640,640,healthy foot,115,386,421,583
BoonKeng-MuiLan-20211011165016-83eee475-lateral_right_jpeg_jpg.rf.2fae02448aab438dfbd291aa094ac376.jpg,640,640,healthy foot,47,244,578,489
BoonKeng-MuiLan-20211120114539-0dd42915-medial_left_jpeg_jpg.rf.46851ead3dbd40510e0980cc5f9eb56c.jpg,640,640,healthy foot,47,261,537,454
BoonKeng-MuiLan-20211120115643-8e1bae11-medial_left_jpeg_jpg.rf.4661f3e714798f1f479e20671dd35e9a.jpg,640,640,healthy foot,136,234,481,397
BoonKeng-MuiLan-20211120115643-8e1bae11-medial_left_jpeg_jpg.rf.4661f3e714798f1f479e20671dd35e9a.jpg,640,640,healthy foot,1,351,100,506
BoonKeng-MuiLan-20211120132149-44703bf1-front_jpeg_jpg.rf.fa4dd112178619a0a7a6b7da2e6c0da7.jpg,640,640,healthy foot,2,126,230,553
BoonKeng-MuiLan-20211120132149-44703bf1-front_jpeg_jpg.rf.fa4dd112178619a0a7a6b7da2e6c0da7.jpg,640,640,healthy foot,297,133,573,514
100204_jpg.rf.c1ed45739d8e97c005079c751fca1203.jpg,640,640,diabetic-foot-ulcer,238,207,307,322
100211_jpg.rf.7c6d6dab79d926e259de11daf709ff85.jpg,640,640,diabetic-foot-ulcer,207,240,378,473
100091_jpg.rf.b36ceb36c2db31480592b519911ec93c.jpg,640,640,diabetic-foot-ulcer,155,104,453,430
100219_jpg.rf.55859add58587aeea55a1efaa5f8e135.jpg,640,640,diabetic-foot-ulcer,380,161,508,324
BoonKeng-Jennie-202193015250-750ead83-lateral_right_jpeg_jpg.rf.ea429ca8fede5ed319939e229aceb804.jpg,640,640,healthy foot,83,143,640,369
100171_jpg.rf.68afae0b45d91d46f66449f47b0deeb4.jpg,640,640,diabetic-foot-ulcer,246,236,410,410
BoonKeng-MuiLan-20211120141648-793f4751-lateral_right_jpeg_jpg.rf.5480be1c8d1ff8ee40a12246bdfe078a.jpg,640,640,healthy foot,64,272,483,475
BoonKeng-MuiLan-2021112013726-6753468e-dorsal_jpeg_jpg.rf.a51f99179da62770733994be0dcbc877.jpg,640,640,healthy foot,71,155,265,569
BoonKeng-MuiLan-2021112013726-6753468e-dorsal_jpeg_jpg.rf.a51f99179da62770733994be0dcbc877.jpg,640,640,healthy foot,427,133,610,567
BoonKeng-MuiLan-20211120103418-6f20e254-front_jpeg_jpg.rf.7c60686383fd53638f23698a0168998d.jpg,640,640,healthy foot,94,136,532,552
100049_jpg.rf.6e51ae03e9b022bd8cfbd480ab93985b.jpg,640,640,diabetic-foot-ulcer,34,48,341,410
100082_jpg.rf.d0f1286c48f86656c7d55ebf483a1175.jpg,640,640,diabetic-foot-ulcer,239,68,427,320
100018_jpg.rf.240b2d07f15fa59b6a1a1fb2b0a884e5.jpg,640,640,diabetic-foot-ulcer,311,351,459,544
BoonKeng-MuiLan-2021112011541-c05ddcca-medial_left_jpeg_jpg.rf.f51799825c3ffc79295388f8e54004ca.jpg,640,640,healthy foot,0,504,131,640
BoonKeng-MuiLan-2021112011541-c05ddcca-medial_left_jpeg_jpg.rf.f51799825c3ffc79295388f8e54004ca.jpg,640,640,healthy foot,169,365,435,478
BoonKeng-MuiLan-2021112011541-c05ddcca-medial_left_jpeg_jpg.rf.f51799825c3ffc79295388f8e54004ca.jpg,640,640,healthy foot,558,19,640,213
BoonKeng-MuiLan-202111209549-6e2a4646-lateral_right_jpeg_jpg.rf.587c9b80c84cfb453b8eeb5fa8b31741.jpg,640,640,healthy foot,193,272,525,474
100146_jpg.rf.df676b787baf9f15ba4a29a56b56b98c.jpg,640,640,diabetic-foot-ulcer,250,94,430,394
100152_jpg.rf.2d5b6247066d1eafcd556fe4a0be0802.jpg,640,640,diabetic-foot-ulcer,163,184,404,555
BoonKeng-MuiLan-20211011165016-83eee475-medial_left_jpeg_jpg.rf.a841071b8a264192521c5f4a7195039c.jpg,640,640,healthy foot,62,299,588,503
BoonKeng-MuiLan-20211120104540-a15dbacf-lateral_right_jpeg_jpg.rf.cda9666b65ed1ab3adb1e376f2efdb4d.jpg,640,640,healthy foot,121,248,460,449
100010_jpg.rf.6310fa115d9b49e3a3ee57b625c65f67.jpg,640,640,diabetic-foot-ulcer,318,403,486,561
100010_jpg.rf.6310fa115d9b49e3a3ee57b625c65f67.jpg,640,640,diabetic-foot-ulcer,454,300,524,408
BoonKeng-MuiLan-2021118143950-1277b75f-medial_left_jpeg_jpg.rf.6475fa56c1e527f064c50bfdca4b5bb2.jpg,640,640,healthy foot,55,261,567,441
100055_jpg.rf.6da6b8932bf6464f7dd29f2165ac13ae.jpg,640,640,diabetic-foot-ulcer,212,160,434,496
100177_jpg.rf.911e88bed5479f0d244e16dd85c87da5.jpg,640,640,diabetic-foot-ulcer,238,174,423,409
BoonKeng-MuiLan-2021112017954-f5435765-dorsal_jpeg_jpg.rf.62c26fb0df942ed90e834f9183195888.jpg,640,640,healthy foot,44,89,287,505
BoonKeng-MuiLan-2021112017954-f5435765-dorsal_jpeg_jpg.rf.62c26fb0df942ed90e834f9183195888.jpg,640,640,healthy foot,353,42,583,490
BoonKeng-MuiLan-2021118151854-dace0b11-medial_right_jpeg_jpg.rf.5d1cfd3e9ef170165ac60bf83331738f.jpg,640,640,healthy foot,73,329,550,544
100016_jpg.rf.4415b1a00a1f8714064c5ed1baaa1dd2.jpg,640,640,diabetic-foot-ulcer,245,286,417,521
100085_jpg.rf.be05129fbcb796f8f9361519233b18a8.jpg,640,640,diabetic-foot-ulcer,272,239,452,485
100056_jpg.rf.3fa4d2605cc3417d2278e8279cd347e3.jpg,640,640,diabetic-foot-ulcer,98,299,398,604
100006_jpg.rf.32272a4f111cf45d89032fce5900fa2d.jpg,640,640,diabetic-foot-ulcer,101,35,544,571
100164_jpg.rf.2b46ae1d634412925f60dc61670bb178.jpg,640,640,diabetic-foot-ulcer,205,0,495,468
BoonKeng-MuiLan-202111209414-5bd2c781-medial_right_jpeg_jpg.rf.9cff3635ce199c05070b247f11904947.jpg,640,640,healthy foot,122,276,463,431
BoonKeng-MuiLan-20211120102123-ab9fc1f3-lateral_right_jpeg_jpg.rf.5a2bb980d19084156b1efcaf5a3da16f.jpg,640,640,healthy foot,126,233,442,396
BoonKeng-MuiLan-2021112094649-99e06fc4-front_jpeg_jpg.rf.9e130ec82ae1fc9e808e52e35e07aea6.jpg,640,640,healthy foot,130,303,479,577
BoonKeng-MuiLan-20211011165016-83eee475-dorsal_jpeg_jpg.rf.c28f416e09bb31ed47ec8d33d9d55480.jpg,640,640,healthy foot,31,84,466,532
100048_jpg.rf.c613c5c04dbf8d2a67fc7d2a149f091c.jpg,640,640,diabetic-foot-ulcer,210,288,505,560
100080_jpg.rf.f42e47c0ca8a630d5cf1fbe2ca6d5bea.jpg,640,640,diabetic-foot-ulcer,181,187,380,503
BoonKeng-MuiLan-20211120131218-0d3a1c2c-medial_right_jpeg_jpg.rf.5344c8f19f387117a42f7f4737625352.jpg,640,640,healthy foot,37,294,508,511
100045_jpg.rf.a6c325f7ac2fc860a80930f9fa6f6f45.jpg,640,640,diabetic-foot-ulcer,217,166,357,310
100067_jpg.rf.1e07e47159525157c6bb275f8f36779b.jpg,640,640,diabetic-foot-ulcer,360,59,472,213
100067_jpg.rf.1e07e47159525157c6bb275f8f36779b.jpg,640,640,diabetic-foot-ulcer,335,472,509,640
100007_jpg.rf.cdd741d787f5e778ba8180c49a18c7f6.jpg,640,640,diabetic-foot-ulcer,512,343,593,509
100007_jpg.rf.cdd741d787f5e778ba8180c49a18c7f6.jpg,640,640,diabetic-foot-ulcer,279,263,376,387
100191_jpg.rf.f066d29455b85af89fc309eea406e78a.jpg,640,640,diabetic-foot-ulcer,210,154,389,362
100217_jpg.rf.bb550743fbdfc8cb0bc5ca0263388582.jpg,640,640,diabetic-foot-ulcer,282,118,510,487
BoonKeng-MuiLan-20211120115836-60425775-dorsal_jpeg_jpg.rf.fa3233462001bea48a98ae0ee99dac35.jpg,640,640,healthy foot,179,271,312,476
BoonKeng-MuiLan-20211120115836-60425775-dorsal_jpeg_jpg.rf.fa3233462001bea48a98ae0ee99dac35.jpg,640,640,healthy foot,334,251,470,449
100019_jpg.rf.44048cedf345be6c13c81a8c80040f6e.jpg,640,640,diabetic-foot-ulcer,241,192,528,506
BoonKeng-MuiLan-20211120143217-e01935d7-lateral_right_jpeg_jpg.rf.47e43f003501b76bf72c8c7b2ca15610.jpg,640,640,healthy foot,119,262,538,490
BoonKeng-MuiLan-20211120143217-e01935d7-lateral_right_jpeg_jpg.rf.47e43f003501b76bf72c8c7b2ca15610.jpg,640,640,healthy foot,0,210,95,367
100133_jpg.rf.35153bf57cc1b4f57eb06b2e2e980c3e.jpg,640,640,diabetic-foot-ulcer,186,26,581,410
100118_jpg.rf.37815a45579d8ce38574e0312ef052d7.jpg,640,640,diabetic-foot-ulcer,138,211,415,436
BoonKeng-MuiLan-20211120115836-60425775-front_jpeg_jpg.rf.50466907a2818fe4ecde5e0452c92946.jpg,640,640,healthy foot,139,148,320,369
BoonKeng-MuiLan-20211120115836-60425775-front_jpeg_jpg.rf.50466907a2818fe4ecde5e0452c92946.jpg,640,640,healthy foot,413,105,623,326
BoonKeng-MuiLan-20211120125527-f6d551f3-lateral_right_jpeg_jpg.rf.49d58efb2c07e2b872cf46ef64bffd26.jpg,640,640,healthy foot,112,127,640,362
BoonKeng-MuiLan-20211120132149-44703bf1-lateral_left_jpeg_jpg.rf.fc9f9ac5f9ac4a55903867edd4d8f648.jpg,640,640,healthy foot,11,228,596,527
100109_jpg.rf.1315736b5763db4f381859026f4c61a6.jpg,640,640,diabetic-foot-ulcer,172,170,409,459
100122_jpg.rf.f12c1dc50bccbadb9b3a89a88c68eec2.jpg,640,640,diabetic-foot-ulcer,268,215,468,400
BoonKeng-MuiLan-2021118143950-1277b75f-plantar_jpeg_jpg.rf.38bd8b5f3737ffc23f919d91aa70faf0.jpg,640,640,healthy foot,80,59,482,564
BoonKeng-Jennie-20211120141333-fe11df71-medial_right_jpeg_jpg.rf.bad615fed47a5b468024b4eba99aab07.jpg,640,640,healthy foot,90,250,629,462
BoonKeng-MuiLan-202111209549-6e2a4646-lateral_left_jpeg_jpg.rf.06a430c57f2d2c9a704ecb00a1e1d3e2.jpg,640,640,healthy foot,104,163,465,331
100178_jpg.rf.4e704e3637b3fbc60666d0c917ace41d.jpg,640,640,diabetic-foot-ulcer,223,26,549,582
BoonKeng-Jennie-20219171033-3082a5d7-lateral_left_jpeg_jpg.rf.cee0e7ba0c22f4ff3bde0f005a954f72.jpg,640,640,healthy foot,15,132,624,378
100133_jpg.rf.ec674f809a4edad8241c23fe17c17cf9.jpg,640,640,diabetic-foot-ulcer,174,223,546,551
100114_jpg.rf.efac5427adbaf770d144992b63ee7084.jpg,640,640,diabetic-foot-ulcer,477,175,598,463
100105_jpg.rf.8eb433d93b9f624a6342e15bb27b7784.jpg,640,640,diabetic-foot-ulcer,254,179,386,381
100199_jpg.rf.b38eb5d7acc9a48682f0a27594a208f2.jpg,640,640,diabetic-foot-ulcer,90,134,596,618
100167_jpg.rf.97d084635e7a7587a80bbd571d1e7281.jpg,640,640,diabetic-foot-ulcer,236,223,398,441
100151_jpg.rf.5ddf992aadad7da82655b0c7fadab8c8.jpg,640,640,diabetic-foot-ulcer,183,208,317,385
100151_jpg.rf.5ddf992aadad7da82655b0c7fadab8c8.jpg,640,640,diabetic-foot-ulcer,433,95,552,269
BoonKeng-MuiLan-20211120164124-1574c5f8-front_jpeg_jpg.rf.392dc8f2eae68551010b80dfbc350917.jpg,640,640,healthy foot,78,234,302,626
BoonKeng-MuiLan-20211120164124-1574c5f8-front_jpeg_jpg.rf.392dc8f2eae68551010b80dfbc350917.jpg,640,640,healthy foot,330,164,550,630
BoonKeng-Jennie-20211120141333-fe11df71-back_jpeg_jpg.rf.135e6abeb3589559ba1365dd607471dd.jpg,640,640,healthy foot,20,181,294,501
BoonKeng-Jennie-20211120141333-fe11df71-back_jpeg_jpg.rf.135e6abeb3589559ba1365dd607471dd.jpg,640,640,healthy foot,373,154,605,470
BoonKeng-MuiLan-2021112013726-6753468e-lateral_left_jpeg_jpg.rf.9e28eacf94b283faeb4da30f063a0d1a.jpg,640,640,healthy foot,10,59,553,405
100071_jpg.rf.131ba3c24d2cb8d49267cf103ba74d8e.jpg,640,640,diabetic-foot-ulcer,215,307,333,441
100010_jpg.rf.a10217d1684d16ef023535c48cc13988.jpg,640,640,diabetic-foot-ulcer,156,414,301,557
100010_jpg.rf.a10217d1684d16ef023535c48cc13988.jpg,640,640,diabetic-foot-ulcer,110,330,180,413
BoonKeng-MuiLan-202111209549-6e2a4646-medial_left_jpeg_jpg.rf.813ec62cf12948032a286696c8c1cc05.jpg,640,640,healthy foot,138,224,447,382
BoonKeng-MuiLan-20211120105335-b04c9fb5-dorsal_jpeg_jpg.rf.45552e6e92d27c9c2b89de7ff7eb18ab.jpg,640,640,healthy foot,64,175,262,465
BoonKeng-MuiLan-20211120105335-b04c9fb5-dorsal_jpeg_jpg.rf.45552e6e92d27c9c2b89de7ff7eb18ab.jpg,640,640,healthy foot,398,159,558,460
100179_jpg.rf.5cf33141deaaca719967f631b4f4962f.jpg,640,640,diabetic-foot-ulcer,252,111,419,445
BoonKeng-Jennie-2021930133328-729a07b8-lateral_left_jpeg_jpg.rf.a4494d23272d23cb3150854d46eff4e1.jpg,640,640,healthy foot,0,10,629,402
BoonKeng-MuiLan-20211120104733-a8d5dd54-lateral_left_jpeg_jpg.rf.3ed2f3f679a0019df813569c8846b21e.jpg,640,640,healthy foot,3,395,340,563
BoonKeng-MuiLan-20211120104733-a8d5dd54-lateral_left_jpeg_jpg.rf.3ed2f3f679a0019df813569c8846b21e.jpg,640,640,healthy foot,411,315,640,440
100060_jpg.rf.d5cf0636857d91847b18d2389934a552.jpg,640,640,diabetic-foot-ulcer,357,84,486,303
100140_jpg.rf.f32af370fd088276818cbf5aaa5bafe7.jpg,640,640,diabetic-foot-ulcer,180,25,507,388
100129_jpg.rf.c69f0fa580c1e28c6cc60ffb904270e6.jpg,640,640,diabetic-foot-ulcer,154,303,441,620
BoonKeng-MuiLan-2021112010021-541e066a-front_jpeg_jpg.rf.d8466ad6c2e197628bb877759f8d5a51.jpg,640,640,healthy foot,94,223,331,450
BoonKeng-MuiLan-2021112010021-541e066a-front_jpeg_jpg.rf.d8466ad6c2e197628bb877759f8d5a51.jpg,640,640,healthy foot,414,263,609,474
BoonKeng-MuiLan-20211120104733-a8d5dd54-lateral_right_jpeg_jpg.rf.3a9d025601e84008b7e5da39e0e33d96.jpg,640,640,healthy foot,132,342,454,526
BoonKeng-MuiLan-20211120104733-a8d5dd54-lateral_right_jpeg_jpg.rf.3a9d025601e84008b7e5da39e0e33d96.jpg,640,640,healthy foot,359,171,640,312
100118_jpg.rf.f3404dfb30c2e2214ca2962d2cd97a9b.jpg,640,640,diabetic-foot-ulcer,244,101,413,612
BoonKeng-MuiLan-20211120123931-bdab03be-dorsal_jpeg_jpg.rf.f422273ece8122cdd4ead73d9a79f6c2.jpg,640,640,healthy foot,96,184,246,458
BoonKeng-MuiLan-20211120123931-bdab03be-dorsal_jpeg_jpg.rf.f422273ece8122cdd4ead73d9a79f6c2.jpg,640,640,healthy foot,270,160,417,417
100041_jpg.rf.7df15e46d8fc71707f398828a32b7bdd.jpg,640,640,diabetic-foot-ulcer,220,100,384,337
100110_jpg.rf.17f6b4e37723a7c5b0ea924f19a73285.jpg,640,640,diabetic-foot-ulcer,298,158,509,540
BoonKeng-MuiLan-20211120123233-02573600-lateral_right_jpeg_jpg.rf.dc67bcf64372c4eb2a7a77e869b3355e.jpg,640,640,healthy foot,179,365,483,579
100175_jpg.rf.ad7b722cb6ea8820bbdfdcd21ab60cb3.jpg,640,640,diabetic-foot-ulcer,322,175,407,336
BoonKeng-MuiLan-2021118151854-dace0b11-medial_left_jpeg_jpg.rf.7da79aa78008911a51af3f83d80830bc.jpg,640,640,healthy foot,121,220,578,390
100071_jpg.rf.5ed0dcea790cd2a6035213f30cdb26ef.jpg,640,640,diabetic-foot-ulcer,315,229,477,452
BoonKeng-MuiLan-20211120114934-8cbdbaf9-dorsal_jpeg_jpg.rf.46aa0d5bb21be4bf2f8ec93d80bbca57.jpg,640,640,healthy foot,84,232,264,523
BoonKeng-MuiLan-20211120114934-8cbdbaf9-dorsal_jpeg_jpg.rf.46aa0d5bb21be4bf2f8ec93d80bbca57.jpg,640,640,healthy foot,384,239,584,516
100057_jpg.rf.30174282da9d4eae737e26fa5f9376ea.jpg,640,640,diabetic-foot-ulcer,250,236,453,606
100187_jpg.rf.6ef1b25ee0e63878bc581a954ee15462.jpg,640,640,diabetic-foot-ulcer,110,62,393,447
100034_jpg.rf.d93fab7d2f66b20b9e5f6f7b8d38579f.jpg,640,640,diabetic-foot-ulcer,206,279,333,396
100032_jpg.rf.54eff0eac93dcd3468aa404223924b8e.jpg,640,640,diabetic-foot-ulcer,120,90,421,470
BoonKeng-MuiLan-20211120133159-3d0dbb05-lateral_right_jpeg_jpg.rf.d6191b4dda06226d9bf69443154a34a4.jpg,640,640,healthy foot,25,0,640,511
BoonKeng-MuiLan-2021112017234-8ce513ad-lateral_right_jpeg_jpg.rf.323e45c373d8a35beef0fc21bb5843e6.jpg,640,640,healthy foot,77,279,474,462
BoonKeng-MuiLan-2021112017234-8ce513ad-lateral_right_jpeg_jpg.rf.323e45c373d8a35beef0fc21bb5843e6.jpg,640,640,healthy foot,0,248,86,364
BoonKeng-MuiLan-2021118105050-c6a63d2a-dorsal_jpeg_jpg.rf.42f492da2e4192e6f970b5dea4bdda2c.jpg,640,640,healthy foot,39,174,277,617
BoonKeng-MuiLan-2021118105050-c6a63d2a-dorsal_jpeg_jpg.rf.42f492da2e4192e6f970b5dea4bdda2c.jpg,640,640,healthy foot,282,158,508,578
BoonKeng-MuiLan-2021118151854-dace0b11-lateral_left_jpeg_jpg.rf.55272f24d0ee6b17a7651010dd734dd0.jpg,640,640,healthy foot,30,189,511,409
BoonKeng-MuiLan-20211120114934-8cbdbaf9-medial_left_jpeg_jpg.rf.fb3873a87651754c313570bd7afcab4e.jpg,640,640,healthy foot,123,238,421,374
BoonKeng-MuiLan-20211120114934-8cbdbaf9-medial_left_jpeg_jpg.rf.fb3873a87651754c313570bd7afcab4e.jpg,640,640,healthy foot,0,324,113,495
100008_jpg.rf.1e1e0218afd2491aa83ee19af80e1611.jpg,640,640,diabetic-foot-ulcer,51,137,570,640
BoonKeng-MuiLan-2021112013498-491a925e-plantar_jpeg_jpg.rf.3d725ba2683b8ef608a404c7f3b48b12.jpg,640,640,healthy foot,0,0,640,523
BoonKeng-MuiLan-2021112017239-71991743-lateral_left_jpeg_jpg.rf.81bf94fbbd7e86ca19d7e4033a8aa66f.jpg,640,640,healthy foot,24,265,580,546
BoonKeng-MuiLan-20211120132846-410dbd53-front_jpeg_jpg.rf.385f2601d6ff2612767fca4605a23051.jpg,640,640,healthy foot,96,224,215,423
BoonKeng-MuiLan-20211120132846-410dbd53-front_jpeg_jpg.rf.385f2601d6ff2612767fca4605a23051.jpg,640,640,healthy foot,226,231,335,429
BoonKeng-MuiLan-2021112013498-491a925e-lateral_right_jpeg_jpg.rf.17642fdf00f7e455a0a6a51ef805f568.jpg,640,640,healthy foot,44,208,640,517
100114_jpg.rf.7ae92085a40a7f529e1099bff99fd4f4.jpg,640,640,diabetic-foot-ulcer,478,192,570,393
100130_jpg.rf.e7949f23f17ab189aee874c28058191b.jpg,640,640,diabetic-foot-ulcer,149,236,299,462
100203_jpg.rf.6efa64d1c06735b53450211c50b34f35.jpg,640,640,diabetic-foot-ulcer,192,154,389,452
BoonKeng-MuiLan-2021112017239-71991743-lateral_right_jpeg_jpg.rf.6b38d48828fc013ca77da2db13e38870.jpg,640,640,healthy foot,15,224,627,508
100018_jpg.rf.83ea9010cb7e8992763a3cf2134148ee.jpg,640,640,diabetic-foot-ulcer,179,101,322,342
100059_jpg.rf.c06549ef23f5f371bbd2c4dd3ca89410.jpg,640,640,diabetic-foot-ulcer,304,146,465,360
BoonKeng-MuiLan-2021112010104-0fb77efc-medial_right_jpeg_jpg.rf.5e14aebc3c199d675eb3b5281a2c0df6.jpg,640,640,healthy foot,136,244,406,381
BoonKeng-MuiLan-2021112010104-0fb77efc-medial_right_jpeg_jpg.rf.5e14aebc3c199d675eb3b5281a2c0df6.jpg,640,640,healthy foot,417,356,640,545
BoonKeng-Jennie-20219171033-3082a5d7-medial_left_jpeg_jpg.rf.40c5edcaa85b3748128cc8196b9268e0.jpg,640,640,healthy foot,158,214,613,381
BoonKeng-MuiLan-2021118143950-1277b75f-back_jpeg_jpg.rf.f3fbe5a23147f5c75218a0471951b3a7.jpg,640,640,healthy foot,55,127,261,478
BoonKeng-MuiLan-2021118143950-1277b75f-back_jpeg_jpg.rf.f3fbe5a23147f5c75218a0471951b3a7.jpg,640,640,healthy foot,295,131,501,484
BoonKeng-MuiLan-2021112012439-9b24f7b8-front_jpeg_jpg.rf.df892a9255136e083408e7140409c9b4.jpg,640,640,healthy foot,163,316,385,571
BoonKeng-MuiLan-20211120142857-74efd652-lateral_left_jpeg_jpg.rf.c490b396e26602969f0ec17685f72075.jpg,640,640,healthy foot,7,135,550,400
100152_jpg.rf.9911c7755a0d29ddfe5fdf8149a6e3fc.jpg,640,640,diabetic-foot-ulcer,154,181,393,523
BoonKeng-MuiLan-20211120111147-e4b91ccf-medial_left_jpeg_jpg.rf.d1122a57e874eefcfec9b65ed4264949.jpg,640,640,healthy foot,38,315,303,463
BoonKeng-MuiLan-20211120111147-e4b91ccf-medial_left_jpeg_jpg.rf.d1122a57e874eefcfec9b65ed4264949.jpg,640,640,healthy foot,323,378,617,594
BoonKeng-MuiLan-20211120102553-2c70ff46-lateral_right_jpeg_jpg.rf.e085bdfb68e4dfd940a9514f7f356d48.jpg,640,640,healthy foot,88,198,501,402
100071_jpg.rf.5b1b987b830a19f2ea7496cc137aa346.jpg,640,640,diabetic-foot-ulcer,328,183,446,362
BoonKeng-MuiLan-20211120162510-753b5fec-lateral_right_jpeg_jpg.rf.aa1d835905c634379b652c7cb168e0e8.jpg,640,640,healthy foot,89,170,623,472
BoonKeng-MuiLan-2021112094649-99e06fc4-dorsal_jpeg_jpg.rf.9b9e152a5c8cd31497525db3c8e3d7dc.jpg,640,640,healthy foot,143,224,410,542
BoonKeng-MuiLan-20211120105335-b04c9fb5-medial_right_jpeg_jpg.rf.dddcbe5e7cf7e156a9f00285aa466a99.jpg,640,640,healthy foot,179,266,451,466
BoonKeng-MuiLan-20211120105335-b04c9fb5-medial_right_jpeg_jpg.rf.dddcbe5e7cf7e156a9f00285aa466a99.jpg,640,640,healthy foot,2,415,81,608
BoonKeng-MuiLan-20211120144752-c3e3e4e6-lateral_right_jpeg_jpg.rf.be3b8a6a5ab12e5c95f3e22a1b28b82a.jpg,640,640,healthy foot,136,193,584,438
BoonKeng-MuiLan-2021112094649-99e06fc4-lateral_right_jpeg_jpg.rf.22fec69ea3c17144bc09146a3e5dcab2.jpg,640,640,healthy foot,83,312,381,460
BoonKeng-MuiLan-2021112094649-99e06fc4-lateral_right_jpeg_jpg.rf.22fec69ea3c17144bc09146a3e5dcab2.jpg,640,640,healthy foot,598,261,640,345
BoonKeng-MuiLan-20211120112631-e204a79d-lateral_right_jpeg_jpg.rf.a80c178c5aec73f5770124ec89edb5b4.jpg,640,640,healthy foot,169,355,447,484
BoonKeng-MuiLan-20211120112631-e204a79d-lateral_right_jpeg_jpg.rf.a80c178c5aec73f5770124ec89edb5b4.jpg,640,640,healthy foot,0,287,150,396
100045_jpg.rf.fec627ea12f1b4a32a06937569e5cfa9.jpg,640,640,diabetic-foot-ulcer,322,198,431,373
100197_jpg.rf.88dcfdcd0d980d23234b28f97de5333f.jpg,640,640,diabetic-foot-ulcer,214,83,491,438
BoonKeng-MuiLan-20211120133159-3d0dbb05-medial_left_jpeg_jpg.rf.b78330a555afcdf954e47b66d2049063.jpg,640,640,healthy foot,20,239,592,490
100194_jpg.rf.1701e0641daa6dc187d1b8c94317b4f3.jpg,640,640,diabetic-foot-ulcer,232,147,420,533
100169_jpg.rf.489023e24d216a2ae89cfbb838937fa9.jpg,640,640,diabetic-foot-ulcer,312,314,412,434
100193_jpg.rf.a76c1926d85d6f710b31d1f90cf42f38.jpg,640,640,diabetic-foot-ulcer,198,164,445,456
100044_jpg.rf.756de3bb0259ff58127899c4eb79b613.jpg,640,640,diabetic-foot-ulcer,417,404,514,558
100095_jpg.rf.9061f0f2087be47bbc5bb27fe712d422.jpg,640,640,diabetic-foot-ulcer,254,203,533,532
BoonKeng-MuiLan-20211120125754-1e88c8ca-front_jpeg_jpg.rf.12a0eca9c0e5dccc022e0cc7c354a6e8.jpg,640,640,healthy foot,38,48,304,392
BoonKeng-MuiLan-20211120125754-1e88c8ca-front_jpeg_jpg.rf.12a0eca9c0e5dccc022e0cc7c354a6e8.jpg,640,640,healthy foot,333,47,640,396
BoonKeng-MuiLan-20211120105335-b04c9fb5-lateral_right_jpeg_jpg.rf.038ff2e8832e917de6b22888cde6bafb.jpg,640,640,healthy foot,78,397,359,579
BoonKeng-MuiLan-20211120105335-b04c9fb5-lateral_right_jpeg_jpg.rf.038ff2e8832e917de6b22888cde6bafb.jpg,640,640,healthy foot,395,231,640,397
BoonKeng-MuiLan-20211120102844-1727c397-dorsal_jpeg_jpg.rf.c62bbc7990c3b9df3a04ba0d85b89a47.jpg,640,640,healthy foot,71,132,246,462
BoonKeng-MuiLan-20211120102844-1727c397-dorsal_jpeg_jpg.rf.c62bbc7990c3b9df3a04ba0d85b89a47.jpg,640,640,healthy foot,287,154,451,480
100074_jpg.rf.551ebbe2d34e7c7b862d657f80126fff.jpg,640,640,diabetic-foot-ulcer,178,226,373,453
100007_jpg.rf.e30b639e33a49ab670ccf07701068b41.jpg,640,640,diabetic-foot-ulcer,279,250,365,392
100007_jpg.rf.e30b639e33a49ab670ccf07701068b41.jpg,640,640,diabetic-foot-ulcer,425,136,534,235
BoonKeng-MuiLan-2021118104644-96e56283-medial_right_jpeg_jpg.rf.cc8b56ba4cca7d5d33842bc11042c1dc.jpg,640,640,healthy foot,83,278,528,447
BoonKeng-MuiLan-2021118143950-1277b75f-lateral_right_jpeg_jpg.rf.ad7c168adc2950ca58e76126a482e249.jpg,640,640,healthy foot,20,248,603,499
100182_jpg.rf.884119868621abdafb9d0da031b19d67.jpg,640,640,diabetic-foot-ulcer,203,252,410,475
100051_jpg.rf.5f5dd44d26c933e3f619551ef58589b3.jpg,640,640,diabetic-foot-ulcer,248,202,351,466
100044_jpg.rf.bc668a56b24f8036a868125394e7d9c1.jpg,640,640,diabetic-foot-ulcer,399,180,486,288
BoonKeng-MuiLan-2021112015255-069348af-front_jpeg_jpg.rf.6caa64fa53b8445d0003a4c2b8eeb312.jpg,640,640,healthy foot,37,222,285,551
BoonKeng-MuiLan-2021112015255-069348af-front_jpeg_jpg.rf.6caa64fa53b8445d0003a4c2b8eeb312.jpg,640,640,healthy foot,317,220,521,581
100196_jpg.rf.07bc55108f488ef2de67256851dcae56.jpg,640,640,diabetic-foot-ulcer,237,245,458,515
BoonKeng-MuiLan-2021112010021-541e066a-dorsal_jpeg_jpg.rf.6e1e3ed6cc257e9c6e39194e582a2874.jpg,640,640,healthy foot,20,91,269,400
BoonKeng-MuiLan-2021112010021-541e066a-dorsal_jpeg_jpg.rf.6e1e3ed6cc257e9c6e39194e582a2874.jpg,640,640,healthy foot,338,250,505,450
BoonKeng-MuiLan-2021112011541-c05ddcca-front_jpeg_jpg.rf.0b90db4255d875bc1c7b29cb0b9d807d.jpg,640,640,healthy foot,128,248,275,439
BoonKeng-MuiLan-2021112011541-c05ddcca-front_jpeg_jpg.rf.0b90db4255d875bc1c7b29cb0b9d807d.jpg,640,640,healthy foot,350,244,464,453
BoonKeng-MuiLan-20211120113723-eb6e5981-lateral_right_jpeg_jpg.rf.730a2b1bf260a852504503ec62cc4f66.jpg,640,640,healthy foot,59,399,446,590
100056_jpg.rf.796b9817620211fae510c0e051419581.jpg,640,640,diabetic-foot-ulcer,120,181,342,581